Product ID,Product Subcategory ID,Product SKU,Product Name,Model Name,Product Description,Product Color,Product Style,Product Cost,Product Price
1,NULL,AR-5381,Adjustable Race,NULL,NULL,NA,NULL,NULL,NULL
2,NULL,BA-8327,Bearing Ball,NULL,NULL,NA,NULL,NULL,NULL
3,NULL,BE-2349,BB Ball Bearing,NULL,NULL,NA,NULL,NULL,NULL
4,NULL,BE-2908,Headset Ball Bearings,NULL,NULL,NA,NULL,NULL,NULL
5,NULL,BL-2036,Blade,NULL,NULL,NA,NULL,NULL,NULL
6,NULL,CA-5965,LL Crankarm,NULL,NULL,Black,NULL,NULL,NULL
7,NULL,CA-6738,ML Crankarm,NULL,NULL,Black,NULL,NULL,NULL
8,NULL,CA-7457,HL Crankarm,NULL,NULL,Black,NULL,NULL,NULL
9,NULL,CB-2903,Chainring Bolts,NULL,NULL,Silver,NULL,NULL,NULL
10,NULL,CN-6137,Chainring Nut,NULL,NULL,Silver,NULL,NULL,NULL
11,NULL,CR-7833,Chainring,NULL,NULL,Black,NULL,NULL,NULL
12,NULL,CR-9981,Crown Race,NULL,NULL,NA,NULL,NULL,NULL
13,NULL,CS-2812,Chain Stays,NULL,NULL,NA,NULL,NULL,NULL
14,NULL,DC-8732,Decal 1,NULL,NULL,NA,NULL,NULL,NULL
15,NULL,DC-9824,Decal 2,NULL,NULL,NA,NULL,NULL,NULL
16,NULL,DT-2377,Down Tube,NULL,NULL,NA,NULL,NULL,NULL
17,NULL,EC-M092,Mountain End Caps,NULL,NULL,NA,NULL,NULL,NULL
18,NULL,EC-R098,Road End Caps,NULL,NULL,NA,NULL,NULL,NULL
19,NULL,EC-T209,Touring End Caps,NULL,NULL,NA,NULL,NULL,NULL
20,NULL,FE-3760,Fork End,NULL,NULL,NA,NULL,NULL,NULL
21,NULL,FH-2981,Freewheel,NULL,NULL,Silver,NULL,NULL,NULL
22,NULL,FW-1000,Flat Washer 1,NULL,NULL,NA,NULL,NULL,NULL
23,NULL,FW-1200,Flat Washer 6,NULL,NULL,NA,NULL,NULL,NULL
24,NULL,FW-1400,Flat Washer 2,NULL,NULL,NA,NULL,NULL,NULL
25,NULL,FW-3400,Flat Washer 9,NULL,NULL,NA,NULL,NULL,NULL
26,NULL,FW-3800,Flat Washer 4,NULL,NULL,NA,NULL,NULL,NULL
27,NULL,FW-5160,Flat Washer 3,NULL,NULL,NA,NULL,NULL,NULL
28,NULL,FW-5800,Flat Washer 8,NULL,NULL,NA,NULL,NULL,NULL
29,NULL,FW-7160,Flat Washer 5,NULL,NULL,NA,NULL,NULL,NULL
30,NULL,FW-9160,Flat Washer 7,NULL,NULL,NA,NULL,NULL,NULL
31,NULL,FC-3654,Fork Crown,NULL,NULL,NA,NULL,NULL,NULL
32,NULL,FC-3982,Front Derailleur Cage,NULL,NULL,Silver,NULL,NULL,NULL
33,NULL,FL-2301,Front Derailleur Linkage,NULL,NULL,Silver,NULL,NULL,NULL
34,NULL,GP-0982,Guide Pulley,NULL,NULL,NA,NULL,NULL,NULL
35,NULL,GT-0820,LL Grip Tape,NULL,NULL,NA,NULL,NULL,NULL
36,NULL,GT-1209,ML Grip Tape,NULL,NULL,NA,NULL,NULL,NULL
37,NULL,GT-2908,HL Grip Tape,NULL,NULL,NA,NULL,NULL,NULL
38,NULL,HJ-1213,Thin-Jam Hex Nut 9,NULL,NULL,NA,NULL,NULL,NULL
39,NULL,HJ-1220,Thin-Jam Hex Nut 10,NULL,NULL,NA,NULL,NULL,NULL
40,NULL,HJ-1420,Thin-Jam Hex Nut 1,NULL,NULL,NA,NULL,NULL,NULL
41,NULL,HJ-1428,Thin-Jam Hex Nut 2,NULL,NULL,NA,NULL,NULL,NULL
42,NULL,HJ-3410,Thin-Jam Hex Nut 15,NULL,NULL,NA,NULL,NULL,NULL
43,NULL,HJ-3416,Thin-Jam Hex Nut 16,NULL,NULL,NA,NULL,NULL,NULL
44,NULL,HJ-3816,Thin-Jam Hex Nut 5,NULL,NULL,NA,NULL,NULL,NULL
45,NULL,HJ-3824,Thin-Jam Hex Nut 6,NULL,NULL,NA,NULL,NULL,NULL
46,NULL,HJ-5161,Thin-Jam Hex Nut 3,NULL,NULL,NA,NULL,NULL,NULL
47,NULL,HJ-5162,Thin-Jam Hex Nut 4,NULL,NULL,NA,NULL,NULL,NULL
48,NULL,HJ-5811,Thin-Jam Hex Nut 13,NULL,NULL,NA,NULL,NULL,NULL
49,NULL,HJ-5818,Thin-Jam Hex Nut 14,NULL,NULL,NA,NULL,NULL,NULL
50,NULL,HJ-7161,Thin-Jam Hex Nut 7,NULL,NULL,NA,NULL,NULL,NULL
51,NULL,HJ-7162,Thin-Jam Hex Nut 8,NULL,NULL,NA,NULL,NULL,NULL
52,NULL,HJ-9080,Thin-Jam Hex Nut 12,NULL,NULL,NA,NULL,NULL,NULL
53,NULL,HJ-9161,Thin-Jam Hex Nut 11,NULL,NULL,NA,NULL,NULL,NULL
54,NULL,HN-1024,Hex Nut 5,NULL,NULL,NA,NULL,NULL,NULL
55,NULL,HN-1032,Hex Nut 6,NULL,NULL,NA,NULL,NULL,NULL
56,NULL,HN-1213,Hex Nut 16,NULL,NULL,NA,NULL,NULL,NULL
57,NULL,HN-1220,Hex Nut 17,NULL,NULL,NA,NULL,NULL,NULL
58,NULL,HN-1224,Hex Nut 7,NULL,NULL,NA,NULL,NULL,NULL
59,NULL,HN-1420,Hex Nut 8,NULL,NULL,NA,NULL,NULL,NULL
60,NULL,HN-1428,Hex Nut 9,NULL,NULL,NA,NULL,NULL,NULL
61,NULL,HN-3410,Hex Nut 22,NULL,NULL,NA,NULL,NULL,NULL
62,NULL,HN-3416,Hex Nut 23,NULL,NULL,NA,NULL,NULL,NULL
63,NULL,HN-3816,Hex Nut 12,NULL,NULL,NA,NULL,NULL,NULL
64,NULL,HN-3824,Hex Nut 13,NULL,NULL,NA,NULL,NULL,NULL
65,NULL,HN-4402,Hex Nut 1,NULL,NULL,NA,NULL,NULL,NULL
66,NULL,HN-5161,Hex Nut 10,NULL,NULL,NA,NULL,NULL,NULL
67,NULL,HN-5162,Hex Nut 11,NULL,NULL,NA,NULL,NULL,NULL
68,NULL,HN-5400,Hex Nut 2,NULL,NULL,NA,NULL,NULL,NULL
69,NULL,HN-5811,Hex Nut 20,NULL,NULL,NA,NULL,NULL,NULL
70,NULL,HN-5818,Hex Nut 21,NULL,NULL,NA,NULL,NULL,NULL
71,NULL,HN-6320,Hex Nut 3,NULL,NULL,NA,NULL,NULL,NULL
72,NULL,HN-7161,Hex Nut 14,NULL,NULL,NA,NULL,NULL,NULL
73,NULL,HN-7162,Hex Nut 15,NULL,NULL,NA,NULL,NULL,NULL
74,NULL,HN-8320,Hex Nut 4,NULL,NULL,NA,NULL,NULL,NULL
75,NULL,HN-9161,Hex Nut 18,NULL,NULL,NA,NULL,NULL,NULL
76,NULL,HN-9168,Hex Nut 19,NULL,NULL,NA,NULL,NULL,NULL
77,NULL,HT-2981,Handlebar Tube,NULL,NULL,NA,NULL,NULL,NULL
78,NULL,HT-8019,Head Tube,NULL,NULL,NA,NULL,NULL,NULL
79,NULL,HU-6280,LL Hub,NULL,NULL,NA,NULL,NULL,NULL
80,NULL,HU-8998,HL Hub,NULL,NULL,NA,NULL,NULL,NULL
81,NULL,KW-4091,Keyed Washer,NULL,NULL,NA,NULL,NULL,NULL
82,NULL,LE-1000,External Lock Washer 3,NULL,NULL,NA,NULL,NULL,NULL
83,NULL,LE-1200,External Lock Washer 4,NULL,NULL,NA,NULL,NULL,NULL
84,NULL,LE-1201,External Lock Washer 9,NULL,NULL,NA,NULL,NULL,NULL
85,NULL,LE-1400,External Lock Washer 5,NULL,NULL,NA,NULL,NULL,NULL
86,NULL,LE-3800,External Lock Washer 7,NULL,NULL,NA,NULL,NULL,NULL
87,NULL,LE-5160,External Lock Washer 6,NULL,NULL,NA,NULL,NULL,NULL
88,NULL,LE-6000,External Lock Washer 1,NULL,NULL,NA,NULL,NULL,NULL
89,NULL,LE-7160,External Lock Washer 8,NULL,NULL,NA,NULL,NULL,NULL
90,NULL,LE-8000,External Lock Washer 2,NULL,NULL,NA,NULL,NULL,NULL
91,NULL,LI-1000,Internal Lock Washer 3,NULL,NULL,NA,NULL,NULL,NULL
92,NULL,LI-1200,Internal Lock Washer 4,NULL,NULL,NA,NULL,NULL,NULL
93,NULL,LI-1201,Internal Lock Washer 9,NULL,NULL,NA,NULL,NULL,NULL
94,NULL,LI-1400,Internal Lock Washer 5,NULL,NULL,NA,NULL,NULL,NULL
95,NULL,LI-3800,Internal Lock Washer 7,NULL,NULL,NA,NULL,NULL,NULL
96,NULL,LI-5160,Internal Lock Washer 6,NULL,NULL,NA,NULL,NULL,NULL
97,NULL,LI-5800,Internal Lock Washer 10,NULL,NULL,NA,NULL,NULL,NULL
98,NULL,LI-6000,Internal Lock Washer 1,NULL,NULL,NA,NULL,NULL,NULL
99,NULL,LI-7160,Internal Lock Washer 8,NULL,NULL,NA,NULL,NULL,NULL
100,NULL,LI-8000,Internal Lock Washer 2,NULL,NULL,NA,NULL,NULL,NULL
101,NULL,LJ-1213,Thin-Jam Lock Nut 9,NULL,NULL,NA,NULL,NULL,NULL
102,NULL,LJ-1220,Thin-Jam Lock Nut 10,NULL,NULL,NA,NULL,NULL,NULL
103,NULL,LJ-1420,Thin-Jam Lock Nut 1,NULL,NULL,NA,NULL,NULL,NULL
104,NULL,LJ-1428,Thin-Jam Lock Nut 2,NULL,NULL,NA,NULL,NULL,NULL
105,NULL,LJ-3410,Thin-Jam Lock Nut 15,NULL,NULL,NA,NULL,NULL,NULL
106,NULL,LJ-3416,Thin-Jam Lock Nut 16,NULL,NULL,NA,NULL,NULL,NULL
107,NULL,LJ-3816,Thin-Jam Lock Nut 5,NULL,NULL,NA,NULL,NULL,NULL
108,NULL,LJ-3824,Thin-Jam Lock Nut 6,NULL,NULL,NA,NULL,NULL,NULL
109,NULL,LJ-5161,Thin-Jam Lock Nut 3,NULL,NULL,NA,NULL,NULL,NULL
110,NULL,LJ-5162,Thin-Jam Lock Nut 4,NULL,NULL,NA,NULL,NULL,NULL
111,NULL,LJ-5811,Thin-Jam Lock Nut 13,NULL,NULL,NA,NULL,NULL,NULL
112,NULL,LJ-5818,Thin-Jam Lock Nut 14,NULL,NULL,NA,NULL,NULL,NULL
113,NULL,LJ-7161,Thin-Jam Lock Nut 7,NULL,NULL,NA,NULL,NULL,NULL
114,NULL,LJ-7162,Thin-Jam Lock Nut 8,NULL,NULL,NA,NULL,NULL,NULL
115,NULL,LJ-9080,Thin-Jam Lock Nut 12,NULL,NULL,NA,NULL,NULL,NULL
116,NULL,LJ-9161,Thin-Jam Lock Nut 11,NULL,NULL,NA,NULL,NULL,NULL
117,NULL,LN-1024,Lock Nut 5,NULL,NULL,NA,NULL,NULL,NULL
118,NULL,LN-1032,Lock Nut 6,NULL,NULL,NA,NULL,NULL,NULL
119,NULL,LN-1213,Lock Nut 16,NULL,NULL,NA,NULL,NULL,NULL
120,NULL,LN-1220,Lock Nut 17,NULL,NULL,NA,NULL,NULL,NULL
121,NULL,LN-1224,Lock Nut 7,NULL,NULL,NA,NULL,NULL,NULL
122,NULL,LN-1420,Lock Nut 8,NULL,NULL,NA,NULL,NULL,NULL
123,NULL,LN-1428,Lock Nut 9,NULL,NULL,NA,NULL,NULL,NULL
124,NULL,LN-3410,Lock Nut 22,NULL,NULL,NA,NULL,NULL,NULL
125,NULL,LN-3416,Lock Nut 23,NULL,NULL,NA,NULL,NULL,NULL
126,NULL,LN-3816,Lock Nut 12,NULL,NULL,NA,NULL,NULL,NULL
127,NULL,LN-3824,Lock Nut 13,NULL,NULL,NA,NULL,NULL,NULL
128,NULL,LN-4400,Lock Nut 1,NULL,NULL,NA,NULL,NULL,NULL
129,NULL,LN-5161,Lock Nut 10,NULL,NULL,NA,NULL,NULL,NULL
130,NULL,LN-5162,Lock Nut 11,NULL,NULL,NA,NULL,NULL,NULL
131,NULL,LN-5400,Lock Nut 2,NULL,NULL,NA,NULL,NULL,NULL
132,NULL,LN-5811,Lock Nut 20,NULL,NULL,NA,NULL,NULL,NULL
133,NULL,LN-5818,Lock Nut 21,NULL,NULL,NA,NULL,NULL,NULL
134,NULL,LN-6320,Lock Nut 3,NULL,NULL,NA,NULL,NULL,NULL
135,NULL,LN-7161,Lock Nut 14,NULL,NULL,NA,NULL,NULL,NULL
136,NULL,LN-7162,Lock Nut 15,NULL,NULL,NA,NULL,NULL,NULL
137,NULL,LN-8320,Lock Nut 4,NULL,NULL,NA,NULL,NULL,NULL
138,NULL,LN-9080,Lock Nut 19,NULL,NULL,NA,NULL,NULL,NULL
139,NULL,LN-9161,Lock Nut 18,NULL,NULL,NA,NULL,NULL,NULL
140,NULL,LR-2398,Lock Ring,NULL,NULL,Silver,NULL,NULL,NULL
141,NULL,LR-8520,Lower Head Race,NULL,NULL,NA,NULL,NULL,NULL
142,NULL,LW-1000,Lock Washer 4,NULL,NULL,NA,NULL,NULL,NULL
143,NULL,LW-1200,Lock Washer 5,NULL,NULL,NA,NULL,NULL,NULL
144,NULL,LW-1201,Lock Washer 10,NULL,NULL,NA,NULL,NULL,NULL
145,NULL,LW-1400,Lock Washer 6,NULL,NULL,NA,NULL,NULL,NULL
146,NULL,LW-3400,Lock Washer 13,NULL,NULL,NA,NULL,NULL,NULL
147,NULL,LW-3800,Lock Washer 8,NULL,NULL,NA,NULL,NULL,NULL
148,NULL,LW-4000,Lock Washer 1,NULL,NULL,NA,NULL,NULL,NULL
149,NULL,LW-5160,Lock Washer 7,NULL,NULL,NA,NULL,NULL,NULL
150,NULL,LW-5800,Lock Washer 12,NULL,NULL,NA,NULL,NULL,NULL
151,NULL,LW-6000,Lock Washer 2,NULL,NULL,NA,NULL,NULL,NULL
152,NULL,LW-7160,Lock Washer 9,NULL,NULL,NA,NULL,NULL,NULL
153,NULL,LW-8000,Lock Washer 3,NULL,NULL,NA,NULL,NULL,NULL
154,NULL,LW-9160,Lock Washer 11,NULL,NULL,NA,NULL,NULL,NULL
155,NULL,MA-7075,Metal Angle,NULL,NULL,NA,NULL,NULL,NULL
156,NULL,MB-2024,Metal Bar 1,NULL,NULL,NA,NULL,NULL,NULL
157,NULL,MB-6061,Metal Bar 2,NULL,NULL,NA,NULL,NULL,NULL
158,NULL,MP-2066,Metal Plate 2,NULL,NULL,NA,NULL,NULL,NULL
159,NULL,MP-2503,Metal Plate 1,NULL,NULL,NA,NULL,NULL,NULL
160,NULL,MP-4960,Metal Plate 3,NULL,NULL,NA,NULL,NULL,NULL
161,NULL,MS-0253,Metal Sheet 2,NULL,NULL,NA,NULL,NULL,NULL
162,NULL,MS-1256,Metal Sheet 3,NULL,NULL,NA,NULL,NULL,NULL
163,NULL,MS-1981,Metal Sheet 7,NULL,NULL,NA,NULL,NULL,NULL
164,NULL,MS-2259,Metal Sheet 4,NULL,NULL,NA,NULL,NULL,NULL
165,NULL,MS-2341,Metal Sheet 5,NULL,NULL,NA,NULL,NULL,NULL
166,NULL,MS-2348,Metal Sheet 6,NULL,NULL,NA,NULL,NULL,NULL
167,NULL,MS-6061,Metal Sheet 1,NULL,NULL,NA,NULL,NULL,NULL
168,NULL,MT-1000,Metal Tread Plate,NULL,NULL,NA,NULL,NULL,NULL
169,NULL,NI-4127,LL Nipple,NULL,NULL,NA,NULL,NULL,NULL
170,NULL,NI-9522,HL Nipple,NULL,NULL,NA,NULL,NULL,NULL
171,NULL,PA-187B,Paint - Black,NULL,NULL,NA,NULL,NULL,NULL
172,NULL,PA-361R,Paint - Red,NULL,NULL,NA,NULL,NULL,NULL
173,NULL,PA-529S,Paint - Silver,NULL,NULL,NA,NULL,NULL,NULL
174,NULL,PA-632U,Paint - Blue,NULL,NULL,NA,NULL,NULL,NULL
175,NULL,PA-823Y,Paint - Yellow,NULL,NULL,NA,NULL,NULL,NULL
176,NULL,PB-6109,Pinch Bolt,NULL,NULL,NA,NULL,NULL,NULL
177,NULL,RA-2345,Cup-Shaped Race,NULL,NULL,NA,NULL,NULL,NULL
178,NULL,RA-7490,Cone-Shaped Race,NULL,NULL,NA,NULL,NULL,NULL
179,NULL,RF-9198,Reflector,NULL,NULL,NA,NULL,NULL,NULL
180,NULL,RM-M464,LL Mountain Rim,NULL,NULL,NA,NULL,NULL,NULL
181,NULL,RM-M692,ML Mountain Rim,NULL,NULL,NA,NULL,NULL,NULL
182,NULL,RM-M823,HL Mountain Rim,NULL,NULL,NA,NULL,NULL,NULL
183,NULL,RM-R436,LL Road Rim,NULL,NULL,NA,NULL,NULL,NULL
184,NULL,RM-R600,ML Road Rim,NULL,NULL,NA,NULL,NULL,NULL
185,NULL,RM-R800,HL Road Rim,NULL,NULL,NA,NULL,NULL,NULL
186,NULL,RM-T801,Touring Rim,NULL,NULL,NA,NULL,NULL,NULL
187,NULL,SA-M198,LL Mountain Seat Assembly,NULL,NULL,NA,NULL,NULL,NULL
188,NULL,SA-M237,ML Mountain Seat Assembly,NULL,NULL,NA,NULL,NULL,NULL
189,NULL,SA-M687,HL Mountain Seat Assembly,NULL,NULL,NA,NULL,NULL,NULL
190,NULL,SA-R127,LL Road Seat Assembly,NULL,NULL,NA,NULL,NULL,NULL
191,NULL,SA-R430,ML Road Seat Assembly,NULL,NULL,NA,NULL,NULL,NULL
192,NULL,SA-R522,HL Road Seat Assembly,NULL,NULL,NA,NULL,NULL,NULL
193,NULL,SA-T467,LL Touring Seat Assembly,NULL,NULL,NA,NULL,NULL,NULL
194,NULL,SA-T612,ML Touring Seat Assembly,NULL,NULL,NA,NULL,NULL,NULL
195,NULL,SA-T872,HL Touring Seat Assembly,NULL,NULL,NA,NULL,NULL,NULL
196,NULL,SD-2342,LL Spindle/Axle,NULL,NULL,NA,NULL,NULL,NULL
197,NULL,SD-9872,HL Spindle/Axle,NULL,NULL,NA,NULL,NULL,NULL
198,NULL,SH-4562,LL Shell,NULL,NULL,NA,NULL,NULL,NULL
199,NULL,SH-9312,HL Shell,NULL,NULL,NA,NULL,NULL,NULL
200,NULL,SK-9283,Spokes,NULL,NULL,NA,NULL,NULL,NULL
201,NULL,SL-0931,Seat Lug,NULL,NULL,NA,NULL,NULL,NULL
202,NULL,SM-9087,Stem,NULL,NULL,NA,NULL,NULL,NULL
203,NULL,SP-2981,Seat Post,NULL,NULL,NA,NULL,NULL,NULL
204,NULL,SR-2098,Steerer,NULL,NULL,NA,NULL,NULL,NULL
205,NULL,SS-2985,Seat Stays,NULL,NULL,NA,NULL,NULL,NULL
206,NULL,ST-9828,Seat Tube,NULL,NULL,NA,NULL,NULL,NULL
207,NULL,TO-2301,Top Tube,NULL,NULL,NA,NULL,NULL,NULL
208,NULL,TP-0923,Tension Pulley,NULL,NULL,NA,NULL,NULL,NULL
209,NULL,RC-0291,Rear Derailleur Cage,NULL,NULL,Silver,NULL,NULL,NULL
210,14,FR-R92B-58,"HL Road Frame - Black, 58",HL Road Frame,Our lightest and best quality aluminum frame made from the newest alloy; it is welded and heat-treated for strength. Our innovative design results in maximum comfort and performance.,Black,U ,NULL,NULL
211,14,FR-R92R-58,"HL Road Frame - Red, 58",HL Road Frame,Our lightest and best quality aluminum frame made from the newest alloy; it is welded and heat-treated for strength. Our innovative design results in maximum comfort and performance.,Red,U ,NULL,NULL
212,31,HL-U509-R,"Sport-100 Helmet, Red",Sport-100,"Universal fit, well-vented, lightweight , snap-on visor.",Red,NULL,12.0278,33.6442
213,31,HL-U509-R,"Sport-100 Helmet, Red",Sport-100,"Universal fit, well-vented, lightweight , snap-on visor.",Red,NULL,13.8782,33.6442
214,31,HL-U509-R,"Sport-100 Helmet, Red",Sport-100,"Universal fit, well-vented, lightweight , snap-on visor.",Red,NULL,13.0863,34.99
215,31,HL-U509,"Sport-100 Helmet, Black",Sport-100,"Universal fit, well-vented, lightweight , snap-on visor.",Black,NULL,12.0278,33.6442
216,31,HL-U509,"Sport-100 Helmet, Black",Sport-100,"Universal fit, well-vented, lightweight , snap-on visor.",Black,NULL,13.8782,33.6442
217,31,HL-U509,"Sport-100 Helmet, Black",Sport-100,"Universal fit, well-vented, lightweight , snap-on visor.",Black,NULL,13.0863,34.99
218,23,SO-B909-M,"Mountain Bike Socks, M",Mountain Bike Socks,Combination of natural and synthetic fibers stays dry and provides just the right cushioning.,White,U ,3.3963,9.5
219,23,SO-B909-L,"Mountain Bike Socks, L",Mountain Bike Socks,Combination of natural and synthetic fibers stays dry and provides just the right cushioning.,White,U ,3.3963,9.5
220,31,HL-U509-B,"Sport-100 Helmet, Blue",Sport-100,"Universal fit, well-vented, lightweight , snap-on visor.",Blue,NULL,12.0278,33.6442
221,31,HL-U509-B,"Sport-100 Helmet, Blue",Sport-100,"Universal fit, well-vented, lightweight , snap-on visor.",Blue,NULL,13.8782,33.6442
222,31,HL-U509-B,"Sport-100 Helmet, Blue",Sport-100,"Universal fit, well-vented, lightweight , snap-on visor.",Blue,NULL,13.0863,34.99
223,19,CA-1098,AWC Logo Cap,Cycling Cap,Traditional style with a flip-up brim; one-size fits all.,Multi,U ,5.7052,8.6442
224,19,CA-1098,AWC Logo Cap,Cycling Cap,Traditional style with a flip-up brim; one-size fits all.,Multi,U ,5.2297,8.6442
225,19,CA-1098,AWC Logo Cap,Cycling Cap,Traditional style with a flip-up brim; one-size fits all.,Multi,U ,6.9223,8.99
226,21,LJ-0192-S,"Long-Sleeve Logo Jersey, S",Long-Sleeve Logo Jersey,Unisex long-sleeve AWC logo microfiber cycling jersey,Multi,U ,31.7244,48.0673
227,21,LJ-0192-S,"Long-Sleeve Logo Jersey, S",Long-Sleeve Logo Jersey,Unisex long-sleeve AWC logo microfiber cycling jersey,Multi,U ,29.0807,48.0673
228,21,LJ-0192-S,"Long-Sleeve Logo Jersey, S",Long-Sleeve Logo Jersey,Unisex long-sleeve AWC logo microfiber cycling jersey,Multi,U ,38.4923,49.99
229,21,LJ-0192-M,"Long-Sleeve Logo Jersey, M",Long-Sleeve Logo Jersey,Unisex long-sleeve AWC logo microfiber cycling jersey,Multi,U ,31.7244,48.0673
230,21,LJ-0192-M,"Long-Sleeve Logo Jersey, M",Long-Sleeve Logo Jersey,Unisex long-sleeve AWC logo microfiber cycling jersey,Multi,U ,29.0807,48.0673
231,21,LJ-0192-M,"Long-Sleeve Logo Jersey, M",Long-Sleeve Logo Jersey,Unisex long-sleeve AWC logo microfiber cycling jersey,Multi,U ,38.4923,49.99
232,21,LJ-0192-L,"Long-Sleeve Logo Jersey, L",Long-Sleeve Logo Jersey,Unisex long-sleeve AWC logo microfiber cycling jersey,Multi,U ,31.7244,48.0673
233,21,LJ-0192-L,"Long-Sleeve Logo Jersey, L",Long-Sleeve Logo Jersey,Unisex long-sleeve AWC logo microfiber cycling jersey,Multi,U ,29.0807,48.0673
234,21,LJ-0192-L,"Long-Sleeve Logo Jersey, L",Long-Sleeve Logo Jersey,Unisex long-sleeve AWC logo microfiber cycling jersey,Multi,U ,38.4923,49.99
235,21,LJ-0192-X,"Long-Sleeve Logo Jersey, XL",Long-Sleeve Logo Jersey,Unisex long-sleeve AWC logo microfiber cycling jersey,Multi,U ,31.7244,48.0673
236,21,LJ-0192-X,"Long-Sleeve Logo Jersey, XL",Long-Sleeve Logo Jersey,Unisex long-sleeve AWC logo microfiber cycling jersey,Multi,U ,29.0807,48.0673
237,21,LJ-0192-X,"Long-Sleeve Logo Jersey, XL",Long-Sleeve Logo Jersey,Unisex long-sleeve AWC logo microfiber cycling jersey,Multi,U ,38.4923,49.99
238,14,FR-R92R-62,"HL Road Frame - Red, 62",HL Road Frame,Our lightest and best quality aluminum frame made from the newest alloy; it is welded and heat-treated for strength. Our innovative design results in maximum comfort and performance.,Red,U ,747.9682,1263.4598
239,14,FR-R92R-62,"HL Road Frame - Red, 62",HL Road Frame,Our lightest and best quality aluminum frame made from the newest alloy; it is welded and heat-treated for strength. Our innovative design results in maximum comfort and performance.,Red,U ,722.2568,1301.3636
240,14,FR-R92R-62,"HL Road Frame - Red, 62",HL Road Frame,Our lightest and best quality aluminum frame made from the newest alloy; it is welded and heat-treated for strength. Our innovative design results in maximum comfort and performance.,Red,U ,868.6342,1431.5
241,14,FR-R92R-44,"HL Road Frame - Red, 44",HL Road Frame,Our lightest and best quality aluminum frame made from the newest alloy; it is welded and heat-treated for strength. Our innovative design results in maximum comfort and performance.,Red,U ,747.9682,1263.4598
242,14,FR-R92R-44,"HL Road Frame - Red, 44",HL Road Frame,Our lightest and best quality aluminum frame made from the newest alloy; it is welded and heat-treated for strength. Our innovative design results in maximum comfort and performance.,Red,U ,722.2568,1301.3636
243,14,FR-R92R-44,"HL Road Frame - Red, 44",HL Road Frame,Our lightest and best quality aluminum frame made from the newest alloy; it is welded and heat-treated for strength. Our innovative design results in maximum comfort and performance.,Red,U ,868.6342,1431.5
244,14,FR-R92R-48,"HL Road Frame - Red, 48",HL Road Frame,Our lightest and best quality aluminum frame made from the newest alloy; it is welded and heat-treated for strength. Our innovative design results in maximum comfort and performance.,Red,U ,747.9682,1263.4598
245,14,FR-R92R-48,"HL Road Frame - Red, 48",HL Road Frame,Our lightest and best quality aluminum frame made from the newest alloy; it is welded and heat-treated for strength. Our innovative design results in maximum comfort and performance.,Red,U ,722.2568,1301.3636
246,14,FR-R92R-48,"HL Road Frame - Red, 48",HL Road Frame,Our lightest and best quality aluminum frame made from the newest alloy; it is welded and heat-treated for strength. Our innovative design results in maximum comfort and performance.,Red,U ,868.6342,1431.5
247,14,FR-R92R-52,"HL Road Frame - Red, 52",HL Road Frame,Our lightest and best quality aluminum frame made from the newest alloy; it is welded and heat-treated for strength. Our innovative design results in maximum comfort and performance.,Red,U ,747.9682,1263.4598
248,14,FR-R92R-52,"HL Road Frame - Red, 52",HL Road Frame,Our lightest and best quality aluminum frame made from the newest alloy; it is welded and heat-treated for strength. Our innovative design results in maximum comfort and performance.,Red,U ,722.2568,1301.3636
249,14,FR-R92R-52,"HL Road Frame - Red, 52",HL Road Frame,Our lightest and best quality aluminum frame made from the newest alloy; it is welded and heat-treated for strength. Our innovative design results in maximum comfort and performance.,Red,U ,868.6342,1431.5
250,14,FR-R92R-56,"HL Road Frame - Red, 56",HL Road Frame,Our lightest and best quality aluminum frame made from the newest alloy; it is welded and heat-treated for strength. Our innovative design results in maximum comfort and performance.,Red,U ,747.9682,1263.4598
251,14,FR-R92R-56,"HL Road Frame - Red, 56",HL Road Frame,Our lightest and best quality aluminum frame made from the newest alloy; it is welded and heat-treated for strength. Our innovative design results in maximum comfort and performance.,Red,U ,722.2568,1301.3636
252,14,FR-R92R-56,"HL Road Frame - Red, 56",HL Road Frame,Our lightest and best quality aluminum frame made from the newest alloy; it is welded and heat-treated for strength. Our innovative design results in maximum comfort and performance.,Red,U ,868.6342,1431.5
253,14,FR-R38B-58,"LL Road Frame - Black, 58",LL Road Frame,"The LL Frame provides a safe comfortable ride, while offering superior bump absorption in a value-priced aluminum frame.",Black,U ,176.1997,297.6346
254,14,FR-R38B-58,"LL Road Frame - Black, 58",LL Road Frame,"The LL Frame provides a safe comfortable ride, while offering superior bump absorption in a value-priced aluminum frame.",Black,U ,170.1428,306.5636
255,14,FR-R38B-58,"LL Road Frame - Black, 58",LL Road Frame,"The LL Frame provides a safe comfortable ride, while offering superior bump absorption in a value-priced aluminum frame.",Black,U ,204.6251,337.22
256,14,FR-R38B-60,"LL Road Frame - Black, 60",LL Road Frame,"The LL Frame provides a safe comfortable ride, while offering superior bump absorption in a value-priced aluminum frame.",Black,U ,176.1997,297.6346
257,14,FR-R38B-60,"LL Road Frame - Black, 60",LL Road Frame,"The LL Frame provides a safe comfortable ride, while offering superior bump absorption in a value-priced aluminum frame.",Black,U ,170.1428,306.5636
258,14,FR-R38B-60,"LL Road Frame - Black, 60",LL Road Frame,"The LL Frame provides a safe comfortable ride, while offering superior bump absorption in a value-priced aluminum frame.",Black,U ,204.6251,337.22
259,14,FR-R38B-62,"LL Road Frame - Black, 62",LL Road Frame,"The LL Frame provides a safe comfortable ride, while offering superior bump absorption in a value-priced aluminum frame.",Black,U ,176.1997,297.6346
260,14,FR-R38B-62,"LL Road Frame - Black, 62",LL Road Frame,"The LL Frame provides a safe comfortable ride, while offering superior bump absorption in a value-priced aluminum frame.",Black,U ,170.1428,306.5636
261,14,FR-R38B-62,"LL Road Frame - Black, 62",LL Road Frame,"The LL Frame provides a safe comfortable ride, while offering superior bump absorption in a value-priced aluminum frame.",Black,U ,204.6251,337.22
262,14,FR-R38R-44,"LL Road Frame - Red, 44",LL Road Frame,"The LL Frame provides a safe comfortable ride, while offering superior bump absorption in a value-priced aluminum frame.",Red,U ,181.4857,306.5636
263,14,FR-R38R-44,"LL Road Frame - Red, 44",LL Road Frame,"The LL Frame provides a safe comfortable ride, while offering superior bump absorption in a value-priced aluminum frame.",Red,U ,187.1571,337.22
264,14,FR-R38R-48,"LL Road Frame - Red, 48",LL Road Frame,"The LL Frame provides a safe comfortable ride, while offering superior bump absorption in a value-priced aluminum frame.",Red,U ,181.4857,306.5636
265,14,FR-R38R-48,"LL Road Frame - Red, 48",LL Road Frame,"The LL Frame provides a safe comfortable ride, while offering superior bump absorption in a value-priced aluminum frame.",Red,U ,187.1571,337.22
266,14,FR-R38R-52,"LL Road Frame - Red, 52",LL Road Frame,"The LL Frame provides a safe comfortable ride, while offering superior bump absorption in a value-priced aluminum frame.",Red,U ,181.4857,306.5636
267,14,FR-R38R-52,"LL Road Frame - Red, 52",LL Road Frame,"The LL Frame provides a safe comfortable ride, while offering superior bump absorption in a value-priced aluminum frame.",Red,U ,187.1571,337.22
268,14,FR-R38R-58,"LL Road Frame - Red, 58",LL Road Frame,"The LL Frame provides a safe comfortable ride, while offering superior bump absorption in a value-priced aluminum frame.",Red,U ,181.4857,306.5636
269,14,FR-R38R-58,"LL Road Frame - Red, 58",LL Road Frame,"The LL Frame provides a safe comfortable ride, while offering superior bump absorption in a value-priced aluminum frame.",Red,U ,187.1571,337.22
270,14,FR-R38R-60,"LL Road Frame - Red, 60",LL Road Frame,"The LL Frame provides a safe comfortable ride, while offering superior bump absorption in a value-priced aluminum frame.",Red,U ,181.4857,306.5636
271,14,FR-R38R-60,"LL Road Frame - Red, 60",LL Road Frame,"The LL Frame provides a safe comfortable ride, while offering superior bump absorption in a value-priced aluminum frame.",Red,U ,187.1571,337.22
272,14,FR-R38R-62,"LL Road Frame - Red, 62",LL Road Frame,"The LL Frame provides a safe comfortable ride, while offering superior bump absorption in a value-priced aluminum frame.",Red,U ,181.4857,306.5636
273,14,FR-R38R-62,"LL Road Frame - Red, 62",LL Road Frame,"The LL Frame provides a safe comfortable ride, while offering superior bump absorption in a value-priced aluminum frame.",Red,U ,187.1571,337.22
274,14,FR-R72R-44,"ML Road Frame - Red, 44",ML Road Frame,"Made from the same aluminum alloy as our top-of-the line HL frame, the ML features a lightweight down-tube milled to the perfect diameter for optimal strength. Men's version.",Red,U ,352.1394,594.83
275,14,FR-R72R-48,"ML Road Frame - Red, 48",ML Road Frame,"Made from the same aluminum alloy as our top-of-the line HL frame, the ML features a lightweight down-tube milled to the perfect diameter for optimal strength. Men's version.",Red,U ,352.1394,594.83
276,14,FR-R72R-52,"ML Road Frame - Red, 52",ML Road Frame,"Made from the same aluminum alloy as our top-of-the line HL frame, the ML features a lightweight down-tube milled to the perfect diameter for optimal strength. Men's version.",Red,U ,352.1394,594.83
277,14,FR-R72R-58,"ML Road Frame - Red, 58",ML Road Frame,"Made from the same aluminum alloy as our top-of-the line HL frame, the ML features a lightweight down-tube milled to the perfect diameter for optimal strength. Men's version.",Red,U ,352.1394,594.83
278,14,FR-R72R-60,"ML Road Frame - Red, 60",ML Road Frame,"Made from the same aluminum alloy as our top-of-the line HL frame, the ML features a lightweight down-tube milled to the perfect diameter for optimal strength. Men's version.",Red,U ,352.1394,594.83
279,14,FR-R38B-44,"LL Road Frame - Black, 44",LL Road Frame,"The LL Frame provides a safe comfortable ride, while offering superior bump absorption in a value-priced aluminum frame.",Black,U ,176.1997,297.6346
280,14,FR-R38B-44,"LL Road Frame - Black, 44",LL Road Frame,"The LL Frame provides a safe comfortable ride, while offering superior bump absorption in a value-priced aluminum frame.",Black,U ,170.1428,306.5636
281,14,FR-R38B-44,"LL Road Frame - Black, 44",LL Road Frame,"The LL Frame provides a safe comfortable ride, while offering superior bump absorption in a value-priced aluminum frame.",Black,U ,204.6251,337.22
282,14,FR-R38B-48,"LL Road Frame - Black, 48",LL Road Frame,"The LL Frame provides a safe comfortable ride, while offering superior bump absorption in a value-priced aluminum frame.",Black,U ,176.1997,297.6346
283,14,FR-R38B-48,"LL Road Frame - Black, 48",LL Road Frame,"The LL Frame provides a safe comfortable ride, while offering superior bump absorption in a value-priced aluminum frame.",Black,U ,170.1428,306.5636
284,14,FR-R38B-48,"LL Road Frame - Black, 48",LL Road Frame,"The LL Frame provides a safe comfortable ride, while offering superior bump absorption in a value-priced aluminum frame.",Black,U ,204.6251,337.22
285,14,FR-R38B-52,"LL Road Frame - Black, 52",LL Road Frame,"The LL Frame provides a safe comfortable ride, while offering superior bump absorption in a value-priced aluminum frame.",Black,U ,176.1997,297.6346
286,14,FR-R38B-52,"LL Road Frame - Black, 52",LL Road Frame,"The LL Frame provides a safe comfortable ride, while offering superior bump absorption in a value-priced aluminum frame.",Black,U ,170.1428,306.5636
287,14,FR-R38B-52,"LL Road Frame - Black, 52",LL Road Frame,"The LL Frame provides a safe comfortable ride, while offering superior bump absorption in a value-priced aluminum frame.",Black,U ,204.6251,337.22
288,12,FR-M94S-42,"HL Mountain Frame - Silver, 42",HL Mountain Frame,Each frame is hand-crafted in our Bothell facility to the optimum diameter and wall-thickness required of a premium mountain frame. The heat-treated welded aluminum frame has a larger diameter tube that absorbs the bumps.,Silver,U ,623.8403,1204.3248
289,12,FR-M94S-42,"HL Mountain Frame - Silver, 42",HL Mountain Frame,Each frame is hand-crafted in our Bothell facility to the optimum diameter and wall-thickness required of a premium mountain frame. The heat-treated welded aluminum frame has a larger diameter tube that absorbs the bumps.,Silver,U ,660.9142,1240.4545
290,12,FR-M94S-42,"HL Mountain Frame - Silver, 42",HL Mountain Frame,Each frame is hand-crafted in our Bothell facility to the optimum diameter and wall-thickness required of a premium mountain frame. The heat-treated welded aluminum frame has a larger diameter tube that absorbs the bumps.,Silver,U ,747.2002,1364.5
291,12,FR-M94S-44,"HL Mountain Frame - Silver, 44",HL Mountain Frame,Each frame is hand-crafted in our Bothell facility to the optimum diameter and wall-thickness required of a premium mountain frame. The heat-treated welded aluminum frame has a larger diameter tube that absorbs the bumps.,Silver,U ,706.811,1364.5
292,12,FR-M94S-52,"HL Mountain Frame - Silver, 48",HL Mountain Frame,Each frame is hand-crafted in our Bothell facility to the optimum diameter and wall-thickness required of a premium mountain frame. The heat-treated welded aluminum frame has a larger diameter tube that absorbs the bumps.,Silver,U ,706.811,1364.5
293,12,FR-M94S-46,"HL Mountain Frame - Silver, 46",HL Mountain Frame,Each frame is hand-crafted in our Bothell facility to the optimum diameter and wall-thickness required of a premium mountain frame. The heat-treated welded aluminum frame has a larger diameter tube that absorbs the bumps.,Silver,U ,623.8403,1204.3248
294,12,FR-M94S-46,"HL Mountain Frame - Silver, 46",HL Mountain Frame,Each frame is hand-crafted in our Bothell facility to the optimum diameter and wall-thickness required of a premium mountain frame. The heat-treated welded aluminum frame has a larger diameter tube that absorbs the bumps.,Silver,U ,660.9142,1240.4545
295,12,FR-M94S-46,"HL Mountain Frame - Silver, 46",HL Mountain Frame,Each frame is hand-crafted in our Bothell facility to the optimum diameter and wall-thickness required of a premium mountain frame. The heat-treated welded aluminum frame has a larger diameter tube that absorbs the bumps.,Silver,U ,747.2002,1364.5
296,12,FR-M94B-42,"HL Mountain Frame - Black, 42",HL Mountain Frame,Each frame is hand-crafted in our Bothell facility to the optimum diameter and wall-thickness required of a premium mountain frame. The heat-treated welded aluminum frame has a larger diameter tube that absorbs the bumps.,Black,U ,617.0281,1191.1739
297,12,FR-M94B-42,"HL Mountain Frame - Black, 42",HL Mountain Frame,Each frame is hand-crafted in our Bothell facility to the optimum diameter and wall-thickness required of a premium mountain frame. The heat-treated welded aluminum frame has a larger diameter tube that absorbs the bumps.,Black,U ,653.6971,1226.9091
298,12,FR-M94B-42,"HL Mountain Frame - Black, 42",HL Mountain Frame,Each frame is hand-crafted in our Bothell facility to the optimum diameter and wall-thickness required of a premium mountain frame. The heat-treated welded aluminum frame has a larger diameter tube that absorbs the bumps.,Black,U ,739.041,1349.6
299,12,FR-M94B-44,"HL Mountain Frame - Black, 44",HL Mountain Frame,Each frame is hand-crafted in our Bothell facility to the optimum diameter and wall-thickness required of a premium mountain frame. The heat-treated welded aluminum frame has a larger diameter tube that absorbs the bumps.,Black,U ,699.0928,1349.6
300,12,FR-M94B-48,"HL Mountain Frame - Black, 48",HL Mountain Frame,Each frame is hand-crafted in our Bothell facility to the optimum diameter and wall-thickness required of a premium mountain frame. The heat-treated welded aluminum frame has a larger diameter tube that absorbs the bumps.,Black,U ,699.0928,1349.6
301,12,FR-M94B-46,"HL Mountain Frame - Black, 46",HL Mountain Frame,Each frame is hand-crafted in our Bothell facility to the optimum diameter and wall-thickness required of a premium mountain frame. The heat-treated welded aluminum frame has a larger diameter tube that absorbs the bumps.,Black,U ,617.0281,1191.1739
302,12,FR-M94B-46,"HL Mountain Frame - Black, 46",HL Mountain Frame,Each frame is hand-crafted in our Bothell facility to the optimum diameter and wall-thickness required of a premium mountain frame. The heat-treated welded aluminum frame has a larger diameter tube that absorbs the bumps.,Black,U ,653.6971,1226.9091
303,12,FR-M94B-46,"HL Mountain Frame - Black, 46",HL Mountain Frame,Each frame is hand-crafted in our Bothell facility to the optimum diameter and wall-thickness required of a premium mountain frame. The heat-treated welded aluminum frame has a larger diameter tube that absorbs the bumps.,Black,U ,739.041,1349.6
304,12,FR-M94B-38,"HL Mountain Frame - Black, 38",HL Mountain Frame,Each frame is hand-crafted in our Bothell facility to the optimum diameter and wall-thickness required of a premium mountain frame. The heat-treated welded aluminum frame has a larger diameter tube that absorbs the bumps.,Black,U ,617.0281,1191.1739
305,12,FR-M94B-38,"HL Mountain Frame - Black, 38",HL Mountain Frame,Each frame is hand-crafted in our Bothell facility to the optimum diameter and wall-thickness required of a premium mountain frame. The heat-treated welded aluminum frame has a larger diameter tube that absorbs the bumps.,Black,U ,653.6971,1226.9091
306,12,FR-M94B-38,"HL Mountain Frame - Black, 38",HL Mountain Frame,Each frame is hand-crafted in our Bothell facility to the optimum diameter and wall-thickness required of a premium mountain frame. The heat-treated welded aluminum frame has a larger diameter tube that absorbs the bumps.,Black,U ,739.041,1349.6
307,12,FR-M94S-38,"HL Mountain Frame - Silver, 38",HL Mountain Frame,Each frame is hand-crafted in our Bothell facility to the optimum diameter and wall-thickness required of a premium mountain frame. The heat-treated welded aluminum frame has a larger diameter tube that absorbs the bumps.,Silver,U ,623.8403,1204.3248
308,12,FR-M94S-38,"HL Mountain Frame - Silver, 38",HL Mountain Frame,Each frame is hand-crafted in our Bothell facility to the optimum diameter and wall-thickness required of a premium mountain frame. The heat-treated welded aluminum frame has a larger diameter tube that absorbs the bumps.,Silver,U ,660.9142,1240.4545
309,12,FR-M94S-38,"HL Mountain Frame - Silver, 38",HL Mountain Frame,Each frame is hand-crafted in our Bothell facility to the optimum diameter and wall-thickness required of a premium mountain frame. The heat-treated welded aluminum frame has a larger diameter tube that absorbs the bumps.,Silver,U ,747.2002,1364.5
310,2,BK-R93R-62,"Road-150 Red, 62",Road-150,"This bike is ridden by race winners. Developed with the Adventure Works Cycles professional race team, it has a extremely light heat-treated aluminum frame, and steering that allows precision control.",Red,U ,2171.2942,3578.27
311,2,BK-R93R-44,"Road-150 Red, 44",Road-150,"This bike is ridden by race winners. Developed with the Adventure Works Cycles professional race team, it has a extremely light heat-treated aluminum frame, and steering that allows precision control.",Red,U ,2171.2942,3578.27
312,2,BK-R93R-48,"Road-150 Red, 48",Road-150,"This bike is ridden by race winners. Developed with the Adventure Works Cycles professional race team, it has a extremely light heat-treated aluminum frame, and steering that allows precision control.",Red,U ,2171.2942,3578.27
313,2,BK-R93R-52,"Road-150 Red, 52",Road-150,"This bike is ridden by race winners. Developed with the Adventure Works Cycles professional race team, it has a extremely light heat-treated aluminum frame, and steering that allows precision control.",Red,U ,2171.2942,3578.27
314,2,BK-R93R-56,"Road-150 Red, 56",Road-150,"This bike is ridden by race winners. Developed with the Adventure Works Cycles professional race team, it has a extremely light heat-treated aluminum frame, and steering that allows precision control.",Red,U ,2171.2942,3578.27
315,2,BK-R68R-58,"Road-450 Red, 58",Road-450,"A true multi-sport bike that offers streamlined riding and a revolutionary design. Aerodynamic design lets you ride with the pros, and the gearing will conquer hilly roads.",Red,U ,884.7083,1457.99
316,2,BK-R68R-60,"Road-450 Red, 60",Road-450,"A true multi-sport bike that offers streamlined riding and a revolutionary design. Aerodynamic design lets you ride with the pros, and the gearing will conquer hilly roads.",Red,U ,884.7083,1457.99
317,2,BK-R68R-44,"Road-450 Red, 44",Road-450,"A true multi-sport bike that offers streamlined riding and a revolutionary design. Aerodynamic design lets you ride with the pros, and the gearing will conquer hilly roads.",Red,U ,884.7083,1457.99
318,2,BK-R68R-48,"Road-450 Red, 48",Road-450,"A true multi-sport bike that offers streamlined riding and a revolutionary design. Aerodynamic design lets you ride with the pros, and the gearing will conquer hilly roads.",Red,U ,884.7083,1457.99
319,2,BK-R68R-52,"Road-450 Red, 52",Road-450,"A true multi-sport bike that offers streamlined riding and a revolutionary design. Aerodynamic design lets you ride with the pros, and the gearing will conquer hilly roads.",Red,U ,884.7083,1457.99
320,2,BK-R50R-58,"Road-650 Red, 58",Road-650,"Value-priced bike with many features of our top-of-the-line models. Has the same light, stiff frame, and the quick acceleration we're famous for.",Red,U ,413.1463,699.0982
321,2,BK-R50R-58,"Road-650 Red, 58",Road-650,"Value-priced bike with many features of our top-of-the-line models. Has the same light, stiff frame, and the quick acceleration we're famous for.",Red,U ,486.7066,782.99
322,2,BK-R50R-60,"Road-650 Red, 60",Road-650,"Value-priced bike with many features of our top-of-the-line models. Has the same light, stiff frame, and the quick acceleration we're famous for.",Red,U ,413.1463,699.0982
323,2,BK-R50R-60,"Road-650 Red, 60",Road-650,"Value-priced bike with many features of our top-of-the-line models. Has the same light, stiff frame, and the quick acceleration we're famous for.",Red,U ,486.7066,782.99
324,2,BK-R50R-62,"Road-650 Red, 62",Road-650,"Value-priced bike with many features of our top-of-the-line models. Has the same light, stiff frame, and the quick acceleration we're famous for.",Red,U ,413.1463,699.0982
325,2,BK-R50R-62,"Road-650 Red, 62",Road-650,"Value-priced bike with many features of our top-of-the-line models. Has the same light, stiff frame, and the quick acceleration we're famous for.",Red,U ,486.7066,782.99
326,2,BK-R50R-44,"Road-650 Red, 44",Road-650,"Value-priced bike with many features of our top-of-the-line models. Has the same light, stiff frame, and the quick acceleration we're famous for.",Red,U ,413.1463,699.0982
327,2,BK-R50R-44,"Road-650 Red, 44",Road-650,"Value-priced bike with many features of our top-of-the-line models. Has the same light, stiff frame, and the quick acceleration we're famous for.",Red,U ,486.7066,782.99
328,2,BK-R50R-48,"Road-650 Red, 48",Road-650,"Value-priced bike with many features of our top-of-the-line models. Has the same light, stiff frame, and the quick acceleration we're famous for.",Red,U ,413.1463,699.0982
329,2,BK-R50R-48,"Road-650 Red, 48",Road-650,"Value-priced bike with many features of our top-of-the-line models. Has the same light, stiff frame, and the quick acceleration we're famous for.",Red,U ,486.7066,782.99
330,2,BK-R50R-52,"Road-650 Red, 52",Road-650,"Value-priced bike with many features of our top-of-the-line models. Has the same light, stiff frame, and the quick acceleration we're famous for.",Red,U ,413.1463,699.0982
331,2,BK-R50R-52,"Road-650 Red, 52",Road-650,"Value-priced bike with many features of our top-of-the-line models. Has the same light, stiff frame, and the quick acceleration we're famous for.",Red,U ,486.7066,782.99
332,2,BK-R50B-58,"Road-650 Black, 58",Road-650,"Value-priced bike with many features of our top-of-the-line models. Has the same light, stiff frame, and the quick acceleration we're famous for.",Black,U ,413.1463,699.0982
333,2,BK-R50B-58,"Road-650 Black, 58",Road-650,"Value-priced bike with many features of our top-of-the-line models. Has the same light, stiff frame, and the quick acceleration we're famous for.",Black,U ,486.7066,782.99
334,2,BK-R50B-60,"Road-650 Black, 60",Road-650,"Value-priced bike with many features of our top-of-the-line models. Has the same light, stiff frame, and the quick acceleration we're famous for.",Black,U ,413.1463,699.0982
335,2,BK-R50B-60,"Road-650 Black, 60",Road-650,"Value-priced bike with many features of our top-of-the-line models. Has the same light, stiff frame, and the quick acceleration we're famous for.",Black,U ,486.7066,782.99
336,2,BK-R50B-62,"Road-650 Black, 62",Road-650,"Value-priced bike with many features of our top-of-the-line models. Has the same light, stiff frame, and the quick acceleration we're famous for.",Black,U ,413.1463,699.0982
337,2,BK-R50B-62,"Road-650 Black, 62",Road-650,"Value-priced bike with many features of our top-of-the-line models. Has the same light, stiff frame, and the quick acceleration we're famous for.",Black,U ,486.7066,782.99
338,2,BK-R50B-44,"Road-650 Black, 44",Road-650,"Value-priced bike with many features of our top-of-the-line models. Has the same light, stiff frame, and the quick acceleration we're famous for.",Black,U ,413.1463,699.0982
339,2,BK-R50B-44,"Road-650 Black, 44",Road-650,"Value-priced bike with many features of our top-of-the-line models. Has the same light, stiff frame, and the quick acceleration we're famous for.",Black,U ,486.7066,782.99
340,2,BK-R50B-48,"Road-650 Black, 48",Road-650,"Value-priced bike with many features of our top-of-the-line models. Has the same light, stiff frame, and the quick acceleration we're famous for.",Black,U ,413.1463,699.0982
341,2,BK-R50B-48,"Road-650 Black, 48",Road-650,"Value-priced bike with many features of our top-of-the-line models. Has the same light, stiff frame, and the quick acceleration we're famous for.",Black,U ,486.7066,782.99
342,2,BK-R50B-52,"Road-650 Black, 52",Road-650,"Value-priced bike with many features of our top-of-the-line models. Has the same light, stiff frame, and the quick acceleration we're famous for.",Black,U ,413.1463,699.0982
343,2,BK-R50B-52,"Road-650 Black, 52",Road-650,"Value-priced bike with many features of our top-of-the-line models. Has the same light, stiff frame, and the quick acceleration we're famous for.",Black,U ,486.7066,782.99
344,1,BK-M82S-38,"Mountain-100 Silver, 38",Mountain-100,"Top-of-the-line competition mountain bike. Performance-enhancing options include the innovative HL Frame, super-smooth front suspension, and traction for all terrain.",Silver,U ,1912.1544,3399.99
345,1,BK-M82S-42,"Mountain-100 Silver, 42",Mountain-100,"Top-of-the-line competition mountain bike. Performance-enhancing options include the innovative HL Frame, super-smooth front suspension, and traction for all terrain.",Silver,U ,1912.1544,3399.99
346,1,BK-M82S-44,"Mountain-100 Silver, 44",Mountain-100,"Top-of-the-line competition mountain bike. Performance-enhancing options include the innovative HL Frame, super-smooth front suspension, and traction for all terrain.",Silver,U ,1912.1544,3399.99
347,1,BK-M82S-48,"Mountain-100 Silver, 48",Mountain-100,"Top-of-the-line competition mountain bike. Performance-enhancing options include the innovative HL Frame, super-smooth front suspension, and traction for all terrain.",Silver,U ,1912.1544,3399.99
348,1,BK-M82B-38,"Mountain-100 Black, 38",Mountain-100,"Top-of-the-line competition mountain bike. Performance-enhancing options include the innovative HL Frame, super-smooth front suspension, and traction for all terrain.",Black,U ,1898.0944,3374.99
349,1,BK-M82B-42,"Mountain-100 Black, 42",Mountain-100,"Top-of-the-line competition mountain bike. Performance-enhancing options include the innovative HL Frame, super-smooth front suspension, and traction for all terrain.",Black,U ,1898.0944,3374.99
350,1,BK-M82B-44,"Mountain-100 Black, 44",Mountain-100,"Top-of-the-line competition mountain bike. Performance-enhancing options include the innovative HL Frame, super-smooth front suspension, and traction for all terrain.",Black,U ,1898.0944,3374.99
351,1,BK-M82B-48,"Mountain-100 Black, 48",Mountain-100,"Top-of-the-line competition mountain bike. Performance-enhancing options include the innovative HL Frame, super-smooth front suspension, and traction for all terrain.",Black,U ,1898.0944,3374.99
352,1,BK-M68S-38,"Mountain-200 Silver, 38",Mountain-200,Serious back-country riding. Perfect for all levels of competition. Uses the same HL Frame as the Mountain-100.,Silver,U ,1117.8559,2071.4196
353,1,BK-M68S-38,"Mountain-200 Silver, 38",Mountain-200,Serious back-country riding. Perfect for all levels of competition. Uses the same HL Frame as the Mountain-100.,Silver,U ,1265.6195,2319.99
354,1,BK-M68S-42,"Mountain-200 Silver, 42",Mountain-200,Serious back-country riding. Perfect for all levels of competition. Uses the same HL Frame as the Mountain-100.,Silver,U ,1117.8559,2071.4196
355,1,BK-M68S-42,"Mountain-200 Silver, 42",Mountain-200,Serious back-country riding. Perfect for all levels of competition. Uses the same HL Frame as the Mountain-100.,Silver,U ,1265.6195,2319.99
356,1,BK-M68S-46,"Mountain-200 Silver, 46",Mountain-200,Serious back-country riding. Perfect for all levels of competition. Uses the same HL Frame as the Mountain-100.,Silver,U ,1117.8559,2071.4196
357,1,BK-M68S-46,"Mountain-200 Silver, 46",Mountain-200,Serious back-country riding. Perfect for all levels of competition. Uses the same HL Frame as the Mountain-100.,Silver,U ,1265.6195,2319.99
358,1,BK-M68B-38,"Mountain-200 Black, 38",Mountain-200,Serious back-country riding. Perfect for all levels of competition. Uses the same HL Frame as the Mountain-100.,Black,U ,1105.81,2049.0982
359,1,BK-M68B-38,"Mountain-200 Black, 38",Mountain-200,Serious back-country riding. Perfect for all levels of competition. Uses the same HL Frame as the Mountain-100.,Black,U ,1251.9813,2294.99
360,1,BK-M68B-42,"Mountain-200 Black, 42",Mountain-200,Serious back-country riding. Perfect for all levels of competition. Uses the same HL Frame as the Mountain-100.,Black,U ,1105.81,2049.0982
361,1,BK-M68B-42,"Mountain-200 Black, 42",Mountain-200,Serious back-country riding. Perfect for all levels of competition. Uses the same HL Frame as the Mountain-100.,Black,U ,1251.9813,2294.99
362,1,BK-M68B-46,"Mountain-200 Black, 46",Mountain-200,Serious back-country riding. Perfect for all levels of competition. Uses the same HL Frame as the Mountain-100.,Black,U ,1105.81,2049.0982
363,1,BK-M68B-46,"Mountain-200 Black, 46",Mountain-200,Serious back-country riding. Perfect for all levels of competition. Uses the same HL Frame as the Mountain-100.,Black,U ,1251.9813,2294.99
364,1,BK-M47B-38,"Mountain-300 Black, 38",Mountain-300,For true trail addicts.  An extremely durable bike that will go anywhere and keep you in control on challenging terrain - without breaking your budget.,Black,U ,598.4354,1079.99
365,1,BK-M47B-40,"Mountain-300 Black, 40",Mountain-300,For true trail addicts.  An extremely durable bike that will go anywhere and keep you in control on challenging terrain - without breaking your budget.,Black,U ,598.4354,1079.99
366,1,BK-M47B-44,"Mountain-300 Black, 44",Mountain-300,For true trail addicts.  An extremely durable bike that will go anywhere and keep you in control on challenging terrain - without breaking your budget.,Black,U ,598.4354,1079.99
367,1,BK-M47B-48,"Mountain-300 Black, 48",Mountain-300,For true trail addicts.  An extremely durable bike that will go anywhere and keep you in control on challenging terrain - without breaking your budget.,Black,U ,598.4354,1079.99
368,2,BK-R89R-44,"Road-250 Red, 44",Road-250,"Alluminum-alloy frame provides a light, stiff ride, whether you are racing in the velodrome or on a demanding club ride on country roads.",Red,U ,1518.7864,2443.35
369,2,BK-R89R-48,"Road-250 Red, 48",Road-250,"Alluminum-alloy frame provides a light, stiff ride, whether you are racing in the velodrome or on a demanding club ride on country roads.",Red,U ,1518.7864,2443.35
370,2,BK-R89R-52,"Road-250 Red, 52",Road-250,"Alluminum-alloy frame provides a light, stiff ride, whether you are racing in the velodrome or on a demanding club ride on country roads.",Red,U ,1518.7864,2443.35
371,2,BK-R89R-58,"Road-250 Red, 58",Road-250,"Alluminum-alloy frame provides a light, stiff ride, whether you are racing in the velodrome or on a demanding club ride on country roads.",Red,U ,1320.6838,2181.5625
372,2,BK-R89R-58,"Road-250 Red, 58",Road-250,"Alluminum-alloy frame provides a light, stiff ride, whether you are racing in the velodrome or on a demanding club ride on country roads.",Red,U ,1554.9479,2443.35
373,2,BK-R89B-44,"Road-250 Black, 44",Road-250,"Alluminum-alloy frame provides a light, stiff ride, whether you are racing in the velodrome or on a demanding club ride on country roads.",Black,U ,1320.6838,2181.5625
374,2,BK-R89B-44,"Road-250 Black, 44",Road-250,"Alluminum-alloy frame provides a light, stiff ride, whether you are racing in the velodrome or on a demanding club ride on country roads.",Black,U ,1554.9479,2443.35
375,2,BK-R89B-48,"Road-250 Black, 48",Road-250,"Alluminum-alloy frame provides a light, stiff ride, whether you are racing in the velodrome or on a demanding club ride on country roads.",Black,U ,1320.6838,2181.5625
376,2,BK-R89B-48,"Road-250 Black, 48",Road-250,"Alluminum-alloy frame provides a light, stiff ride, whether you are racing in the velodrome or on a demanding club ride on country roads.",Black,U ,1554.9479,2443.35
377,2,BK-R89B-52,"Road-250 Black, 52",Road-250,"Alluminum-alloy frame provides a light, stiff ride, whether you are racing in the velodrome or on a demanding club ride on country roads.",Black,U ,1320.6838,2181.5625
378,2,BK-R89B-52,"Road-250 Black, 52",Road-250,"Alluminum-alloy frame provides a light, stiff ride, whether you are racing in the velodrome or on a demanding club ride on country roads.",Black,U ,1554.9479,2443.35
379,2,BK-R89B-58,"Road-250 Black, 58",Road-250,"Alluminum-alloy frame provides a light, stiff ride, whether you are racing in the velodrome or on a demanding club ride on country roads.",Black,U ,1320.6838,2181.5625
380,2,BK-R89B-58,"Road-250 Black, 58",Road-250,"Alluminum-alloy frame provides a light, stiff ride, whether you are racing in the velodrome or on a demanding club ride on country roads.",Black,U ,1554.9479,2443.35
381,2,BK-R64Y-38,"Road-550-W Yellow, 38",Road-550-W,"Same technology as all of our Road series bikes, but the frame is sized for a woman.  Perfect all-around bike for road or racing.",Yellow,W ,605.6492,1000.4375
382,2,BK-R64Y-38,"Road-550-W Yellow, 38",Road-550-W,"Same technology as all of our Road series bikes, but the frame is sized for a woman.  Perfect all-around bike for road or racing.",Yellow,W ,713.0798,1120.49
383,2,BK-R64Y-40,"Road-550-W Yellow, 40",Road-550-W,"Same technology as all of our Road series bikes, but the frame is sized for a woman.  Perfect all-around bike for road or racing.",Yellow,W ,605.6492,1000.4375
384,2,BK-R64Y-40,"Road-550-W Yellow, 40",Road-550-W,"Same technology as all of our Road series bikes, but the frame is sized for a woman.  Perfect all-around bike for road or racing.",Yellow,W ,713.0798,1120.49
385,2,BK-R64Y-42,"Road-550-W Yellow, 42",Road-550-W,"Same technology as all of our Road series bikes, but the frame is sized for a woman.  Perfect all-around bike for road or racing.",Yellow,W ,605.6492,1000.4375
386,2,BK-R64Y-42,"Road-550-W Yellow, 42",Road-550-W,"Same technology as all of our Road series bikes, but the frame is sized for a woman.  Perfect all-around bike for road or racing.",Yellow,W ,713.0798,1120.49
387,2,BK-R64Y-44,"Road-550-W Yellow, 44",Road-550-W,"Same technology as all of our Road series bikes, but the frame is sized for a woman.  Perfect all-around bike for road or racing.",Yellow,W ,605.6492,1000.4375
388,2,BK-R64Y-44,"Road-550-W Yellow, 44",Road-550-W,"Same technology as all of our Road series bikes, but the frame is sized for a woman.  Perfect all-around bike for road or racing.",Yellow,W ,713.0798,1120.49
389,2,BK-R64Y-48,"Road-550-W Yellow, 48",Road-550-W,"Same technology as all of our Road series bikes, but the frame is sized for a woman.  Perfect all-around bike for road or racing.",Yellow,W ,605.6492,1000.4375
390,2,BK-R64Y-48,"Road-550-W Yellow, 48",Road-550-W,"Same technology as all of our Road series bikes, but the frame is sized for a woman.  Perfect all-around bike for road or racing.",Yellow,W ,713.0798,1120.49
391,10,FK-1639,LL Fork,LL Fork,Stout design absorbs shock and offers more precise steering.,NA,NULL,65.8097,148.22
392,10,FK-5136,ML Fork,ML Fork,Composite road fork with an aluminum steerer tube.,NA,NULL,77.9176,175.49
393,10,FK-9939,HL Fork,HL Fork,High-performance carbon road fork with curved legs.,NA,NULL,101.8936,229.49
394,11,HS-0296,LL Headset,LL Headset,Threadless headset provides quality at an economical price.,NA,NULL,15.1848,34.2
395,11,HS-2451,ML Headset,ML Headset,Sealed cartridge keeps dirt out.,NA,NULL,45.4168,102.29
396,11,HS-3479,HL Headset,HL Headset,"High-quality 1"" threadless headset with a grease port for quick lubrication.",NA,NULL,55.3801,124.73
397,4,HB-M243,LL Mountain Handlebars,LL Mountain Handlebars,All-purpose bar for on or off-road.,NA,NULL,17.978,40.4909
398,4,HB-M243,LL Mountain Handlebars,LL Mountain Handlebars,All-purpose bar for on or off-road.,NA,NULL,19.7758,44.54
399,4,HB-M763,ML Mountain Handlebars,ML Mountain Handlebars,Tough aluminum alloy bars for downhill.,NA,NULL,24.9932,56.2909
400,4,HB-M763,ML Mountain Handlebars,ML Mountain Handlebars,Tough aluminum alloy bars for downhill.,NA,NULL,27.4925,61.92
401,4,HB-M918,HL Mountain Handlebars,HL Mountain Handlebars,Flat bar strong enough for the pro circuit.,NA,NULL,48.5453,109.3364
402,4,HB-M918,HL Mountain Handlebars,HL Mountain Handlebars,Flat bar strong enough for the pro circuit.,NA,NULL,53.3999,120.27
403,4,HB-R504,LL Road Handlebars,LL Road Handlebars,Unique shape provides easier reach to the levers.,NA,NULL,17.978,40.4909
404,4,HB-R504,LL Road Handlebars,LL Road Handlebars,Unique shape provides easier reach to the levers.,NA,NULL,19.7758,44.54
405,4,HB-R720,ML Road Handlebars,ML Road Handlebars,Anatomically shaped aluminum tube bar will suit all riders.,NA,NULL,24.9932,56.2909
406,4,HB-R720,ML Road Handlebars,ML Road Handlebars,Anatomically shaped aluminum tube bar will suit all riders.,NA,NULL,27.4925,61.92
407,4,HB-R956,HL Road Handlebars,HL Road Handlebars,Designed for racers; high-end anatomically shaped bar from aluminum alloy.,NA,NULL,48.5453,109.3364
408,4,HB-R956,HL Road Handlebars,HL Road Handlebars,Designed for racers; high-end anatomically shaped bar from aluminum alloy.,NA,NULL,53.3999,120.27
409,12,FR-M63B-38,"ML Mountain Frame - Black, 38",ML Mountain Frame-W,The ML frame is a heat-treated aluminum frame made with the same detail and quality as our HL frame. It offers superior performance. Men's version.,Black,U ,185.8193,348.76
410,17,FW-M423,LL Mountain Front Wheel,LL Mountain Front Wheel,Replacement mountain wheel for entry-level rider.,Black,NULL,26.9708,60.745
411,17,FW-M762,ML Mountain Front Wheel,ML Mountain Front Wheel,Replacement mountain wheel for the casual to serious rider.,Black,NULL,92.8071,209.025
412,17,FW-M928,HL Mountain Front Wheel,HL Mountain Front Wheel,High-performance mountain replacement wheel.,Black,NULL,133.2955,300.215
413,17,FW-R623,LL Road Front Wheel,LL Road Front Wheel,Replacement road front wheel for entry-level cyclist.,Black,NULL,37.9909,85.565
414,17,FW-R762,ML Road Front Wheel,ML Road Front Wheel,Sturdy alloy features a quick-release hub.,Black,NULL,110.2829,248.385
415,17,FW-R820,HL Road Front Wheel,HL Road Front Wheel,Strong wheel with double-walled rim.,Black,NULL,146.5466,330.06
416,17,FW-T905,Touring Front Wheel,Touring Front Wheel,Aerodynamic rims for smooth riding.,Black,NULL,96.7964,218.01
417,14,FR-R72Y-38,"ML Road Frame-W - Yellow, 38",ML Road Frame-W,"Made from the same aluminum alloy as our top-of-the line HL frame, the ML features a lightweight down-tube milled to the perfect diameter for optimal strength. Women's version.",Yellow,W ,300.1188,540.7545
418,14,FR-R72Y-38,"ML Road Frame-W - Yellow, 38",ML Road Frame-W,"Made from the same aluminum alloy as our top-of-the line HL frame, the ML features a lightweight down-tube milled to the perfect diameter for optimal strength. Women's version.",Yellow,W ,360.9428,594.83
419,17,RW-M423,LL Mountain Rear Wheel,LL Mountain Rear Wheel,Replacement mountain wheel for entry-level rider.,Black,NULL,38.9588,87.745
420,17,RW-M762,ML Mountain Rear Wheel,ML Mountain Rear Wheel,Replacement mountain wheel for the casual to serious rider.,Black,NULL,104.7951,236.025
421,17,RW-M928,HL Mountain Rear Wheel,HL Mountain Rear Wheel,High-performance mountain replacement wheel.,Black,NULL,145.2835,327.215
422,17,RW-R623,LL Road Rear Wheel,LL Road Rear Wheel,Replacement road rear wheel for entry-level cyclist.,Black,NULL,49.9789,112.565
423,17,RW-R762,ML Road Rear Wheel,ML Road Rear Wheel,Aluminum alloy rim with stainless steel spokes; built for speed.,Black,NULL,122.2709,275.385
424,17,RW-R820,HL Road Rear Wheel,HL Road Rear Wheel,Strong rear wheel with double-walled rim.,Black,NULL,158.5346,357.06
425,17,RW-T905,Touring Rear Wheel,Touring Rear Wheel,Excellent aerodynamic rims guarantee a smooth ride.,Black,NULL,108.7844,245.01
426,12,FR-M63B-40,"ML Mountain Frame - Black, 40",ML Mountain Frame,The ML frame is a heat-treated aluminum frame made with the same detail and quality as our HL frame. It offers superior performance. Women's version.,Black,U ,185.8193,348.76
427,12,FR-M63B-44,"ML Mountain Frame - Black, 44",ML Mountain Frame,The ML frame is a heat-treated aluminum frame made with the same detail and quality as our HL frame. It offers superior performance. Women's version.,Black,U ,185.8193,348.76
428,12,FR-M63B-48,"ML Mountain Frame - Black, 48",ML Mountain Frame,The ML frame is a heat-treated aluminum frame made with the same detail and quality as our HL frame. It offers superior performance. Women's version.,Black,U ,185.8193,348.76
429,14,FR-R72Y-40,"ML Road Frame-W - Yellow, 40",ML Road Frame-W,"Made from the same aluminum alloy as our top-of-the line HL frame, the ML features a lightweight down-tube milled to the perfect diameter for optimal strength. Women's version.",Yellow,W ,300.1188,540.7545
430,14,FR-R72Y-40,"ML Road Frame-W - Yellow, 40",ML Road Frame-W,"Made from the same aluminum alloy as our top-of-the line HL frame, the ML features a lightweight down-tube milled to the perfect diameter for optimal strength. Women's version.",Yellow,W ,360.9428,594.83
431,14,FR-R72Y-42,"ML Road Frame-W - Yellow, 42",ML Road Frame-W,"Made from the same aluminum alloy as our top-of-the line HL frame, the ML features a lightweight down-tube milled to the perfect diameter for optimal strength. Women's version.",Yellow,W ,300.1188,540.7545
432,14,FR-R72Y-42,"ML Road Frame-W - Yellow, 42",ML Road Frame-W,"Made from the same aluminum alloy as our top-of-the line HL frame, the ML features a lightweight down-tube milled to the perfect diameter for optimal strength. Women's version.",Yellow,W ,360.9428,594.83
433,14,FR-R72Y-44,"ML Road Frame-W - Yellow, 44",ML Road Frame-W,"Made from the same aluminum alloy as our top-of-the line HL frame, the ML features a lightweight down-tube milled to the perfect diameter for optimal strength. Women's version.",Yellow,W ,300.1188,540.7545
434,14,FR-R72Y-44,"ML Road Frame-W - Yellow, 44",ML Road Frame-W,"Made from the same aluminum alloy as our top-of-the line HL frame, the ML features a lightweight down-tube milled to the perfect diameter for optimal strength. Women's version.",Yellow,W ,360.9428,594.83
435,14,FR-R72Y-48,"ML Road Frame-W - Yellow, 48",ML Road Frame-W,"Made from the same aluminum alloy as our top-of-the line HL frame, the ML features a lightweight down-tube milled to the perfect diameter for optimal strength. Women's version.",Yellow,W ,300.1188,540.7545
436,14,FR-R72Y-48,"ML Road Frame-W - Yellow, 48",ML Road Frame-W,"Made from the same aluminum alloy as our top-of-the line HL frame, the ML features a lightweight down-tube milled to the perfect diameter for optimal strength. Women's version.",Yellow,W ,360.9428,594.83
437,14,FR-R92B-62,"HL Road Frame - Black, 62",HL Road Frame,Our lightest and best quality aluminum frame made from the newest alloy; it is welded and heat-treated for strength. Our innovative design results in maximum comfort and performance.,Black,U ,722.2568,1301.3636
438,14,FR-R92B-62,"HL Road Frame - Black, 62",HL Road Frame,Our lightest and best quality aluminum frame made from the newest alloy; it is welded and heat-treated for strength. Our innovative design results in maximum comfort and performance.,Black,U ,868.6342,1431.5
439,14,FR-R92B-44,"HL Road Frame - Black, 44",HL Road Frame,Our lightest and best quality aluminum frame made from the newest alloy; it is welded and heat-treated for strength. Our innovative design results in maximum comfort and performance.,Black,U ,722.2568,1301.3636
440,14,FR-R92B-44,"HL Road Frame - Black, 44",HL Road Frame,Our lightest and best quality aluminum frame made from the newest alloy; it is welded and heat-treated for strength. Our innovative design results in maximum comfort and performance.,Black,U ,868.6342,1431.5
441,14,FR-R92B-48,"HL Road Frame - Black, 48",HL Road Frame,Our lightest and best quality aluminum frame made from the newest alloy; it is welded and heat-treated for strength. Our innovative design results in maximum comfort and performance.,Black,U ,722.2568,1301.3636
442,14,FR-R92B-48,"HL Road Frame - Black, 48",HL Road Frame,Our lightest and best quality aluminum frame made from the newest alloy; it is welded and heat-treated for strength. Our innovative design results in maximum comfort and performance.,Black,U ,868.6342,1431.5
443,14,FR-R92B-52,"HL Road Frame - Black, 52",HL Road Frame,Our lightest and best quality aluminum frame made from the newest alloy; it is welded and heat-treated for strength. Our innovative design results in maximum comfort and performance.,Black,U ,722.2568,1301.3636
444,14,FR-R92B-52,"HL Road Frame - Black, 52",HL Road Frame,Our lightest and best quality aluminum frame made from the newest alloy; it is welded and heat-treated for strength. Our innovative design results in maximum comfort and performance.,Black,U ,868.6342,1431.5
445,22,SH-M897-S,"Men's Sports Shorts, S",Men's Sports Shorts,Men's 8-panel racing shorts - lycra with an elastic waistband and leg grippers.,Black,M ,24.7459,59.99
446,35,PA-T100,"Touring-Panniers, Large",Touring-Panniers,"Durable, water-proof nylon construction with easy access. Large enough for weekend trips.",Grey,NULL,51.5625,125
447,34,LO-C100,Cable Lock,Cable Lock,"Wraps to fit front and rear tires, carrier and 2 keys included.",NA,NULL,10.3125,25
448,36,PU-0452,Minipump,Minipump,Designed for convenience. Fits in your pocket. Aluminum barrel. 160psi rated.,NA,NULL,8.2459,19.99
449,36,PU-M044,Mountain Pump,Mountain Pump,Simple and light-weight. Emergency patches stored in handle.,NA,NULL,10.3084,24.99
450,33,LT-T990,Taillights - Battery-Powered,Taillight,Affordable light for safe night riding - uses 3 AAA batteries,NA,NULL,5.7709,13.99
451,33,LT-H902,Headlights - Dual-Beam,Headlights - Dual-Beam,Rechargeable dual-beam headlight.,NA,NULL,14.4334,34.99
452,33,LT-H903,Headlights - Weatherproof,Headlights - Weatherproof,Rugged weatherproof headlight.,NA,NULL,18.5584,44.99
453,22,SH-M897-M,"Men's Sports Shorts, M",Men's Sports Shorts,Men's 8-panel racing shorts - lycra with an elastic waistband and leg grippers.,Black,M ,24.7459,59.99
454,22,SH-M897-L,"Men's Sports Shorts, L",Men's Sports Shorts,Men's 8-panel racing shorts - lycra with an elastic waistband and leg grippers.,Black,M ,24.7459,59.99
455,22,SH-M897-X,"Men's Sports Shorts, XL",Men's Sports Shorts,Men's 8-panel racing shorts - lycra with an elastic waistband and leg grippers.,Black,M ,24.7459,59.99
456,24,TG-W091-S,"Women's Tights, S",Women's Tights,Warm spandex tights for winter riding; seamless chamois construction eliminates pressure points.,Black,W ,30.9334,74.99
457,24,TG-W091-M,"Women's Tights, M",Women's Tights,Warm spandex tights for winter riding; seamless chamois construction eliminates pressure points.,Black,W ,30.9334,74.99
458,24,TG-W091-L,"Women's Tights, L",Women's Tights,Warm spandex tights for winter riding; seamless chamois construction eliminates pressure points.,Black,W ,30.9334,74.99
459,18,SB-M891-S,"Men's Bib-Shorts, S",Men's Bib-Shorts,"Designed for the AWC team with stay-put straps, moisture-control, chamois padding, and leg grippers.",Multi,M ,37.1209,89.99
460,18,SB-M891-M,"Men's Bib-Shorts, M",Men's Bib-Shorts,"Designed for the AWC team with stay-put straps, moisture-control, chamois padding, and leg grippers.",Multi,M ,37.1209,89.99
461,18,SB-M891-L,"Men's Bib-Shorts, L",Men's Bib-Shorts,"Designed for the AWC team with stay-put straps, moisture-control, chamois padding, and leg grippers.",Multi,M ,37.1209,89.99
462,20,GL-H102-S,"Half-Finger Gloves, S",Half-Finger Gloves,"Full padding, improved finger flex, durable palm, adjustable closure.",Black,U ,9.7136,23.5481
463,20,GL-H102-S,"Half-Finger Gloves, S",Half-Finger Gloves,"Full padding, improved finger flex, durable palm, adjustable closure.",Black,U ,9.1593,24.49
464,20,GL-H102-M,"Half-Finger Gloves, M",Half-Finger Gloves,"Full padding, improved finger flex, durable palm, adjustable closure.",Black,U ,9.7136,23.5481
465,20,GL-H102-M,"Half-Finger Gloves, M",Half-Finger Gloves,"Full padding, improved finger flex, durable palm, adjustable closure.",Black,U ,9.1593,24.49
466,20,GL-H102-L,"Half-Finger Gloves, L",Half-Finger Gloves,"Full padding, improved finger flex, durable palm, adjustable closure.",Black,U ,9.7136,23.5481
467,20,GL-H102-L,"Half-Finger Gloves, L",Half-Finger Gloves,"Full padding, improved finger flex, durable palm, adjustable closure.",Black,U ,9.1593,24.49
468,20,GL-F110-S,"Full-Finger Gloves, S",Full-Finger Gloves,"Synthetic palm, flexible knuckles, breathable mesh upper. Worn by the AWC team riders.",Black,U ,15.6709,37.99
469,20,GL-F110-M,"Full-Finger Gloves, M",Full-Finger Gloves,"Synthetic palm, flexible knuckles, breathable mesh upper. Worn by the AWC team riders.",Black,U ,15.6709,37.99
470,20,GL-F110-L,"Full-Finger Gloves, L",Full-Finger Gloves,"Synthetic palm, flexible knuckles, breathable mesh upper. Worn by the AWC team riders.",Black,U ,15.6709,37.99
471,25,VE-C304-S,"Classic Vest, S",Classic Vest,"Light-weight, wind-resistant, packs to fit into a pocket.",Blue,U ,23.749,63.5
472,25,VE-C304-M,"Classic Vest, M",Classic Vest,"Light-weight, wind-resistant, packs to fit into a pocket.",Blue,U ,23.749,63.5
473,25,VE-C304-L,"Classic Vest, L",Classic Vest,"Light-weight, wind-resistant, packs to fit into a pocket.",Blue,U ,23.749,63.5
474,22,SH-W890-S,"Women's Mountain Shorts, S",Women's Mountain Shorts,"Heavy duty, abrasion-resistant shorts feature seamless, lycra inner shorts with anti-bacterial chamois for comfort.",Black,W ,26.1763,69.99
475,22,SH-W890-M,"Women's Mountain Shorts, M",Women's Mountain Shorts,"Heavy duty, abrasion-resistant shorts feature seamless, lycra inner shorts with anti-bacterial chamois for comfort.",Black,W ,26.1763,69.99
476,22,SH-W890-L,"Women's Mountain Shorts, L",Women's Mountain Shorts,"Heavy duty, abrasion-resistant shorts feature seamless, lycra inner shorts with anti-bacterial chamois for comfort.",Black,W ,26.1763,69.99
477,28,WB-H098,Water Bottle - 30 oz.,Water Bottle,AWC logo water bottle - holds 30 oz; leak-proof.,NA,NULL,1.8663,4.99
478,28,BC-M005,Mountain Bottle Cage,Mountain Bottle Cage,Tough aluminum cage holds bottle securly on tough terrain.,NA,NULL,3.7363,9.99
479,28,BC-R205,Road Bottle Cage,Road Bottle Cage,Aluminum cage is lighter than our mountain version; perfect for long distance trips.,NA,NULL,3.3623,8.99
480,37,PK-7098,Patch Kit/8 Patches,Patch kit,"Includes 8 different size patches, glue and sandpaper.",NA,NULL,0.8565,2.29
481,23,SO-R809-M,"Racing Socks, M",Racing Socks,"Thin, lightweight and durable with cuffs that stay up.",White,U ,3.3623,8.99
482,23,SO-R809-L,"Racing Socks, L",Racing Socks,"Thin, lightweight and durable with cuffs that stay up.",White,U ,3.3623,8.99
483,26,RA-H123,Hitch Rack - 4-Bike,Hitch Rack - 4-Bike,"Carries 4 bikes securely; steel construction, fits 2"" receiver hitch.",NA,NULL,44.88,120
484,29,CL-9009,Bike Wash - Dissolver,Bike Wash,"Washes off the toughest road grime; dissolves grease, environmentally safe. 1-liter bottle.",NA,NULL,2.9733,7.95
485,30,FE-6654,Fender Set - Mountain,Fender Set - Mountain,Clip-on fenders fit most mountain bikes.,NA,NULL,8.2205,21.98
486,27,ST-1401,All-Purpose Bike Stand,All-Purpose Bike Stand,Perfect all-purpose bike stand for working on your bike at home. Quick-adjusting clamps and steel construction.,NA,NULL,59.466,159
487,32,HY-1023-70,Hydration Pack - 70 oz.,Hydration Pack,"Versatile 70 oz hydration pack offers extra storage, easy-fill access, and a waist belt.",Silver,NULL,20.5663,54.99
488,21,SJ-0194-S,"Short-Sleeve Classic Jersey, S",Short-Sleeve Classic Jersey,"Short sleeve classic breathable jersey with superior moisture control, front zipper, and 3 back pockets.",Yellow,U ,41.5723,53.99
489,21,SJ-0194-M,"Short-Sleeve Classic Jersey, M",Short-Sleeve Classic Jersey,"Short sleeve classic breathable jersey with superior moisture control, front zipper, and 3 back pockets.",Yellow,U ,41.5723,53.99
490,21,SJ-0194-L,"Short-Sleeve Classic Jersey, L",Short-Sleeve Classic Jersey,"Short sleeve classic breathable jersey with superior moisture control, front zipper, and 3 back pockets.",Yellow,U ,41.5723,53.99
491,21,SJ-0194-X,"Short-Sleeve Classic Jersey, XL",Short-Sleeve Classic Jersey,"Short sleeve classic breathable jersey with superior moisture control, front zipper, and 3 back pockets.",Yellow,U ,41.5723,53.99
492,16,FR-T98Y-60,"HL Touring Frame - Yellow, 60",HL Touring Frame,The HL aluminum frame is custom-shaped for both good looks and strength; it will withstand the most rigorous challenges of daily riding. Men's version.,Yellow,U ,601.7437,1003.91
493,16,FR-T67Y-62,"LL Touring Frame - Yellow, 62",LL Touring Frame,Lightweight butted aluminum frame provides a more upright riding position for a trip around town.  Our ground-breaking design provides optimum comfort.,Yellow,U ,199.8519,333.42
494,16,FR-T98Y-46,"HL Touring Frame - Yellow, 46",HL Touring Frame,The HL aluminum frame is custom-shaped for both good looks and strength; it will withstand the most rigorous challenges of daily riding. Men's version.,Yellow,U ,601.7437,1003.91
495,16,FR-T98Y-50,"HL Touring Frame - Yellow, 50",HL Touring Frame,The HL aluminum frame is custom-shaped for both good looks and strength; it will withstand the most rigorous challenges of daily riding. Men's version.,Yellow,U ,601.7437,1003.91
496,16,FR-T98Y-54,"HL Touring Frame - Yellow, 54",HL Touring Frame,The HL aluminum frame is custom-shaped for both good looks and strength; it will withstand the most rigorous challenges of daily riding. Men's version.,Yellow,U ,601.7437,1003.91
497,16,FR-T98U-46,"HL Touring Frame - Blue, 46",HL Touring Frame,The HL aluminum frame is custom-shaped for both good looks and strength; it will withstand the most rigorous challenges of daily riding. Men's version.,Blue,U ,601.7437,1003.91
498,16,FR-T98U-50,"HL Touring Frame - Blue, 50",HL Touring Frame,The HL aluminum frame is custom-shaped for both good looks and strength; it will withstand the most rigorous challenges of daily riding. Men's version.,Blue,U ,601.7437,1003.91
499,16,FR-T98U-54,"HL Touring Frame - Blue, 54",HL Touring Frame,The HL aluminum frame is custom-shaped for both good looks and strength; it will withstand the most rigorous challenges of daily riding. Men's version.,Blue,U ,601.7437,1003.91
500,16,FR-T98U-60,"HL Touring Frame - Blue, 60",HL Touring Frame,The HL aluminum frame is custom-shaped for both good looks and strength; it will withstand the most rigorous challenges of daily riding. Men's version.,Blue,U ,601.7437,1003.91
501,9,RD-2308,Rear Derailleur,Rear Derailleur,Wide-link design.,Silver,NULL,53.9282,121.46
502,16,FR-T67U-50,"LL Touring Frame - Blue, 50",LL Touring Frame,Lightweight butted aluminum frame provides a more upright riding position for a trip around town.  Our ground-breaking design provides optimum comfort.,Blue,U ,199.8519,333.42
503,16,FR-T67U-54,"LL Touring Frame - Blue, 54",LL Touring Frame,Lightweight butted aluminum frame provides a more upright riding position for a trip around town.  Our ground-breaking design provides optimum comfort.,Blue,U ,199.8519,333.42
504,16,FR-T67U-58,"LL Touring Frame - Blue, 58",LL Touring Frame,Lightweight butted aluminum frame provides a more upright riding position for a trip around town.  Our ground-breaking design provides optimum comfort.,Blue,U ,199.8519,333.42
505,16,FR-T67U-62,"LL Touring Frame - Blue, 62",LL Touring Frame,Lightweight butted aluminum frame provides a more upright riding position for a trip around town.  Our ground-breaking design provides optimum comfort.,Blue,U ,199.8519,333.42
506,16,FR-T67Y-44,"LL Touring Frame - Yellow, 44",LL Touring Frame,Lightweight butted aluminum frame provides a more upright riding position for a trip around town.  Our ground-breaking design provides optimum comfort.,Yellow,U ,199.8519,333.42
507,16,FR-T67Y-50,"LL Touring Frame - Yellow, 50",LL Touring Frame,Lightweight butted aluminum frame provides a more upright riding position for a trip around town.  Our ground-breaking design provides optimum comfort.,Yellow,U ,199.8519,333.42
508,16,FR-T67Y-54,"LL Touring Frame - Yellow, 54",LL Touring Frame,Lightweight butted aluminum frame provides a more upright riding position for a trip around town.  Our ground-breaking design provides optimum comfort.,Yellow,U ,199.8519,333.42
509,16,FR-T67Y-58,"LL Touring Frame - Yellow, 58",LL Touring Frame,Lightweight butted aluminum frame provides a more upright riding position for a trip around town.  Our ground-breaking design provides optimum comfort.,Yellow,U ,199.8519,333.42
510,16,FR-T67U-44,"LL Touring Frame - Blue, 44",LL Touring Frame,Lightweight butted aluminum frame provides a more upright riding position for a trip around town.  Our ground-breaking design provides optimum comfort.,Blue,U ,199.8519,333.42
511,12,FR-M63S-40,"ML Mountain Frame-W - Silver, 40",ML Mountain Frame-W,The ML frame is a heat-treated aluminum frame made with the same detail and quality as our HL frame. It offers superior performance. Men's version.,Silver,W ,199.3757,364.09
512,12,FR-M63S-42,"ML Mountain Frame-W - Silver, 42",ML Mountain Frame-W,The ML frame is a heat-treated aluminum frame made with the same detail and quality as our HL frame. It offers superior performance. Men's version.,Silver,W ,199.3757,364.09
513,12,FR-M63S-46,"ML Mountain Frame-W - Silver, 46",ML Mountain Frame-W,The ML frame is a heat-treated aluminum frame made with the same detail and quality as our HL frame. It offers superior performance. Men's version.,Silver,W ,199.3757,364.09
514,6,RB-9231,Rear Brakes,Rear Brakes,NULL,Silver,NULL,47.286,106.5
515,15,SE-M236,LL Mountain Seat/Saddle,LL Mountain Seat/Saddle 2,Synthetic leather. Features gel for increased comfort.,NA,NULL,12.0413,27.12
516,15,SE-M798,ML Mountain Seat/Saddle,ML Mountain Seat/Saddle 2,Designed to absorb shock.,NA,NULL,17.3782,39.14
517,15,SE-M940,HL Mountain Seat/Saddle,HL Mountain Seat/Saddle 2,Anatomic design for a full-day of riding in comfort. Durable leather.,NA,NULL,23.3722,52.64
518,15,SE-R581,LL Road Seat/Saddle,LL Road Seat/Saddle 1,Lightweight foam-padded saddle.,NA,NULL,12.0413,27.12
519,15,SE-R908,ML Road Seat/Saddle,ML Road Seat/Saddle 2,Rubber bumpers absorb bumps.,NA,NULL,17.3782,39.14
520,15,SE-R995,HL Road Seat/Saddle,HL Road Seat/Saddle 2,Lightweight kevlar racing saddle. Leather.,NA,NULL,23.3722,52.64
521,15,SE-T312,LL Touring Seat/Saddle,LL Touring Seat/Saddle,"Comfortable, ergonomically shaped gel saddle.",NA,NULL,12.0413,27.12
522,15,SE-T762,ML Touring Seat/Saddle,ML Touring Seat/Saddle,New design relieves pressure for long rides.,NA,NULL,17.3782,39.14
523,15,SE-T924,HL Touring Seat/Saddle,HL Touring Seat/Saddle,Cut-out shell for a more comfortable ride.,NA,NULL,23.3722,52.64
524,12,FR-M21S-42,"LL Mountain Frame - Silver, 42",LL Mountain Frame,"Our best value utilizing the same, ground-breaking frame technology as the ML aluminum frame.",Silver,U ,144.5938,264.05
525,12,FR-M21S-44,"LL Mountain Frame - Silver, 44",LL Mountain Frame,"Our best value utilizing the same, ground-breaking frame technology as the ML aluminum frame.",Silver,U ,144.5938,264.05
526,12,FR-M21S-48,"LL Mountain Frame - Silver, 48",LL Mountain Frame,"Our best value utilizing the same, ground-breaking frame technology as the ML aluminum frame.",Silver,U ,144.5938,264.05
527,12,FR-M21S-52,"LL Mountain Frame - Silver, 52",LL Mountain Frame,"Our best value utilizing the same, ground-breaking frame technology as the ML aluminum frame.",Silver,U ,144.5938,264.05
528,37,TT-M928,Mountain Tire Tube,Mountain Tire Tube,Self-sealing tube.,NA,NULL,1.8663,4.99
529,37,TT-R982,Road Tire Tube,Road Tire Tube,Conventional all-purpose tube.,NA,NULL,1.4923,3.99
530,37,TT-T092,Touring Tire Tube,Touring Tire Tube,General purpose tube.,NA,NULL,1.8663,4.99
531,12,FR-M21B-42,"LL Mountain Frame - Black, 42",LL Mountain Frame,"Our best value utilizing the same, ground-breaking frame technology as the ML aluminum frame.",Black,U ,136.785,249.79
532,12,FR-M21B-44,"LL Mountain Frame - Black, 44",LL Mountain Frame,"Our best value utilizing the same, ground-breaking frame technology as the ML aluminum frame.",Black,U ,136.785,249.79
533,12,FR-M21B-48,"LL Mountain Frame - Black, 48",LL Mountain Frame,"Our best value utilizing the same, ground-breaking frame technology as the ML aluminum frame.",Black,U ,136.785,249.79
534,12,FR-M21B-52,"LL Mountain Frame - Black, 52",LL Mountain Frame,"Our best value utilizing the same, ground-breaking frame technology as the ML aluminum frame.",Black,U ,136.785,249.79
535,37,TI-M267,LL Mountain Tire,LL Mountain Tire,"Comparible traction, less expensive wire bead casing.",NA,NULL,9.3463,24.99
536,37,TI-M602,ML Mountain Tire,ML Mountain Tire,"Great traction, high-density rubber.",NA,NULL,11.2163,29.99
537,37,TI-M823,HL Mountain Tire,HL Mountain Tire,"Incredible traction, lightweight carbon reinforced.",NA,NULL,13.09,35
538,37,TI-R092,LL Road Tire,LL Road Tire,Same great treads as more expensive tire with a less expensive wire bead casing.,NA,NULL,8.0373,21.49
539,37,TI-R628,ML Road Tire,ML Road Tire,Higher density rubber.,NA,NULL,9.3463,24.99
540,37,TI-R982,HL Road Tire,HL Road Tire,Lightweight carbon reinforced  for an unrivaled ride at an un-compromised weight.,NA,NULL,12.1924,32.6
541,37,TI-T723,Touring Tire,Touring Tire,High-density rubber.,NA,NULL,10.8423,28.99
542,13,PD-M282,LL Mountain Pedal,LL Mountain Pedal,Expanded platform so you can ride in any shoes; great for all-around riding.,Silver/Black,NULL,17.9776,40.49
543,13,PD-M340,ML Mountain Pedal,ML Mountain Pedal,"Lightweight, durable, clipless pedal with adjustable tension.",Silver/Black,NULL,27.568,62.09
544,13,PD-M562,HL Mountain Pedal,HL Mountain Pedal,Stainless steel; designed to shed mud easily.,Silver/Black,NULL,35.9596,80.99
545,13,PD-R347,LL Road Pedal,LL Road Pedal,Clipless pedals - aluminum.,Silver/Black,NULL,17.9776,40.49
546,13,PD-R563,ML Road Pedal,ML Road Pedal,Lightweight aluminum alloy construction.,Silver/Black,NULL,27.568,62.09
547,13,PD-R853,HL Road Pedal,HL Road Pedal,Top-of-the-line clipless pedals with adjustable tension.,Silver/Black,NULL,35.9596,80.99
548,13,PD-T852,Touring Pedal,Touring Pedal,A stable pedal for all-day riding.,Silver/Black,NULL,35.9596,80.99
549,12,FR-M63S-38,"ML Mountain Frame-W - Silver, 38",ML Mountain Frame-W,The ML frame is a heat-treated aluminum frame made with the same detail and quality as our HL frame. It offers superior performance. Men's version.,Silver,W ,199.3757,364.09
550,12,FR-M21B-40,"LL Mountain Frame - Black, 40",LL Mountain Frame,"Our best value utilizing the same, ground-breaking frame technology as the ML aluminum frame.",Black,U ,136.785,249.79
551,12,FR-M21S-40,"LL Mountain Frame - Silver, 40",LL Mountain Frame,"Our best value utilizing the same, ground-breaking frame technology as the ML aluminum frame.",Silver,U ,144.5938,264.05
552,9,FD-2342,Front Derailleur,Front Derailleur,Wide-link design.,Silver,NULL,40.6216,91.49
553,4,HB-T721,LL Touring Handlebars,LL Touring Handlebars,Unique shape reduces fatigue for entry level riders.,NA,NULL,20.464,46.09
554,4,HB-T928,HL Touring Handlebars,HL Touring Handlebars,A light yet stiff aluminum bar for long distance riding.,NA,NULL,40.6571,91.57
555,6,FB-9873,Front Brakes,Front Brakes,All-weather brake pads; provides superior stopping by applying more surface to the rim.,Silver,NULL,47.286,106.5
556,8,CS-4759,LL Crankset,LL Crankset,Super rigid spindle.,Black,NULL,77.9176,175.49
557,8,CS-6583,ML Crankset,ML Crankset,High-strength crank arm.,Black,NULL,113.8816,256.49
558,8,CS-9183,HL Crankset,HL Crankset,Triple crankset; alumunim crank arm; flawless shifting.,Black,NULL,179.8156,404.99
559,7,CH-0234,Chain,Chain,Superior shifting performance.,Silver,NULL,8.9866,20.24
560,3,BK-T44U-60,"Touring-2000 Blue, 60",Touring-2000,"The plush custom saddle keeps you riding all day,  and there's plenty of space to add panniers and bike bags to the newly-redesigned carrier.  This bike has stability when fully-loaded.",Blue,U ,755.1508,1214.85
561,3,BK-T79Y-46,"Touring-1000 Yellow, 46",Touring-1000,Travel in style and comfort. Designed for maximum comfort and safety. Wide gear range takes on all hills. High-tech aluminum alloy construction provides durability without added weight.,Yellow,U ,1481.9379,2384.07
562,3,BK-T79Y-50,"Touring-1000 Yellow, 50",Touring-1000,Travel in style and comfort. Designed for maximum comfort and safety. Wide gear range takes on all hills. High-tech aluminum alloy construction provides durability without added weight.,Yellow,U ,1481.9379,2384.07
563,3,BK-T79Y-54,"Touring-1000 Yellow, 54",Touring-1000,Travel in style and comfort. Designed for maximum comfort and safety. Wide gear range takes on all hills. High-tech aluminum alloy construction provides durability without added weight.,Yellow,U ,1481.9379,2384.07
564,3,BK-T79Y-60,"Touring-1000 Yellow, 60",Touring-1000,Travel in style and comfort. Designed for maximum comfort and safety. Wide gear range takes on all hills. High-tech aluminum alloy construction provides durability without added weight.,Yellow,U ,1481.9379,2384.07
565,3,BK-T18U-54,"Touring-3000 Blue, 54",Touring-3000,"All-occasion value bike with our basic comfort and safety features. Offers wider, more stable tires for a ride around town or weekend trip.",Blue,U ,461.4448,742.35
566,3,BK-T18U-58,"Touring-3000 Blue, 58",Touring-3000,"All-occasion value bike with our basic comfort and safety features. Offers wider, more stable tires for a ride around town or weekend trip.",Blue,U ,461.4448,742.35
567,3,BK-T18U-62,"Touring-3000 Blue, 62",Touring-3000,"All-occasion value bike with our basic comfort and safety features. Offers wider, more stable tires for a ride around town or weekend trip.",Blue,U ,461.4448,742.35
568,3,BK-T18Y-44,"Touring-3000 Yellow, 44",Touring-3000,"All-occasion value bike with our basic comfort and safety features. Offers wider, more stable tires for a ride around town or weekend trip.",Yellow,U ,461.4448,742.35
569,3,BK-T18Y-50,"Touring-3000 Yellow, 50",Touring-3000,"All-occasion value bike with our basic comfort and safety features. Offers wider, more stable tires for a ride around town or weekend trip.",Yellow,U ,461.4448,742.35
570,3,BK-T18Y-54,"Touring-3000 Yellow, 54",Touring-3000,"All-occasion value bike with our basic comfort and safety features. Offers wider, more stable tires for a ride around town or weekend trip.",Yellow,U ,461.4448,742.35
571,3,BK-T18Y-58,"Touring-3000 Yellow, 58",Touring-3000,"All-occasion value bike with our basic comfort and safety features. Offers wider, more stable tires for a ride around town or weekend trip.",Yellow,U ,461.4448,742.35
572,3,BK-T18Y-62,"Touring-3000 Yellow, 62",Touring-3000,"All-occasion value bike with our basic comfort and safety features. Offers wider, more stable tires for a ride around town or weekend trip.",Yellow,U ,461.4448,742.35
573,3,BK-T79U-46,"Touring-1000 Blue, 46",Touring-1000,Travel in style and comfort. Designed for maximum comfort and safety. Wide gear range takes on all hills. High-tech aluminum alloy construction provides durability without added weight.,Blue,U ,1481.9379,2384.07
574,3,BK-T79U-50,"Touring-1000 Blue, 50",Touring-1000,Travel in style and comfort. Designed for maximum comfort and safety. Wide gear range takes on all hills. High-tech aluminum alloy construction provides durability without added weight.,Blue,U ,1481.9379,2384.07
575,3,BK-T79U-54,"Touring-1000 Blue, 54",Touring-1000,Travel in style and comfort. Designed for maximum comfort and safety. Wide gear range takes on all hills. High-tech aluminum alloy construction provides durability without added weight.,Blue,U ,1481.9379,2384.07
576,3,BK-T79U-60,"Touring-1000 Blue, 60",Touring-1000,Travel in style and comfort. Designed for maximum comfort and safety. Wide gear range takes on all hills. High-tech aluminum alloy construction provides durability without added weight.,Blue,U ,1481.9379,2384.07
577,3,BK-T44U-46,"Touring-2000 Blue, 46",Touring-2000,"The plush custom saddle keeps you riding all day,  and there's plenty of space to add panniers and bike bags to the newly-redesigned carrier.  This bike has stability when fully-loaded.",Blue,U ,755.1508,1214.85
578,3,BK-T44U-50,"Touring-2000 Blue, 50",Touring-2000,"The plush custom saddle keeps you riding all day,  and there's plenty of space to add panniers and bike bags to the newly-redesigned carrier.  This bike has stability when fully-loaded.",Blue,U ,755.1508,1214.85
579,3,BK-T44U-54,"Touring-2000 Blue, 54",Touring-2000,"The plush custom saddle keeps you riding all day,  and there's plenty of space to add panniers and bike bags to the newly-redesigned carrier.  This bike has stability when fully-loaded.",Blue,U ,755.1508,1214.85
580,2,BK-R79Y-40,"Road-350-W Yellow, 40",Road-350-W,"Cross-train, race, or just socialize on a sleek, aerodynamic bike designed for a woman.  Advanced seat technology provides comfort all day.",Yellow,W ,1082.51,1700.99
581,2,BK-R79Y-42,"Road-350-W Yellow, 42",Road-350-W,"Cross-train, race, or just socialize on a sleek, aerodynamic bike designed for a woman.  Advanced seat technology provides comfort all day.",Yellow,W ,1082.51,1700.99
582,2,BK-R79Y-44,"Road-350-W Yellow, 44",Road-350-W,"Cross-train, race, or just socialize on a sleek, aerodynamic bike designed for a woman.  Advanced seat technology provides comfort all day.",Yellow,W ,1082.51,1700.99
583,2,BK-R79Y-48,"Road-350-W Yellow, 48",Road-350-W,"Cross-train, race, or just socialize on a sleek, aerodynamic bike designed for a woman.  Advanced seat technology provides comfort all day.",Yellow,W ,1082.51,1700.99
584,2,BK-R19B-58,"Road-750 Black, 58",Road-750,Entry level adult bike; offers a comfortable ride cross-country or down the block. Quick-release hubs and rims.,Black,U ,343.6496,539.99
585,3,BK-T18U-44,"Touring-3000 Blue, 44",Touring-3000,"All-occasion value bike with our basic comfort and safety features. Offers wider, more stable tires for a ride around town or weekend trip.",Blue,U ,461.4448,742.35
586,3,BK-T18U-50,"Touring-3000 Blue, 50",Touring-3000,"All-occasion value bike with our basic comfort and safety features. Offers wider, more stable tires for a ride around town or weekend trip.",Blue,U ,461.4448,742.35
587,1,BK-M38S-38,"Mountain-400-W Silver, 38",Mountain-400-W,"This bike delivers a high-level of performance on a budget. It is responsive and maneuverable, and offers peace-of-mind when you decide to go off-road.",Silver,W ,419.7784,769.49
588,1,BK-M38S-40,"Mountain-400-W Silver, 40",Mountain-400-W,"This bike delivers a high-level of performance on a budget. It is responsive and maneuverable, and offers peace-of-mind when you decide to go off-road.",Silver,W ,419.7784,769.49
589,1,BK-M38S-42,"Mountain-400-W Silver, 42",Mountain-400-W,"This bike delivers a high-level of performance on a budget. It is responsive and maneuverable, and offers peace-of-mind when you decide to go off-road.",Silver,W ,419.7784,769.49
590,1,BK-M38S-46,"Mountain-400-W Silver, 46",Mountain-400-W,"This bike delivers a high-level of performance on a budget. It is responsive and maneuverable, and offers peace-of-mind when you decide to go off-road.",Silver,W ,419.7784,769.49
591,1,BK-M18S-40,"Mountain-500 Silver, 40",Mountain-500,"Suitable for any type of riding, on or off-road. Fits any budget. Smooth-shifting with a comfortable ride.",Silver,U ,308.2179,564.99
592,1,BK-M18S-42,"Mountain-500 Silver, 42",Mountain-500,"Suitable for any type of riding, on or off-road. Fits any budget. Smooth-shifting with a comfortable ride.",Silver,U ,308.2179,564.99
593,1,BK-M18S-44,"Mountain-500 Silver, 44",Mountain-500,"Suitable for any type of riding, on or off-road. Fits any budget. Smooth-shifting with a comfortable ride.",Silver,U ,308.2179,564.99
594,1,BK-M18S-48,"Mountain-500 Silver, 48",Mountain-500,"Suitable for any type of riding, on or off-road. Fits any budget. Smooth-shifting with a comfortable ride.",Silver,U ,308.2179,564.99
595,1,BK-M18S-52,"Mountain-500 Silver, 52",Mountain-500,"Suitable for any type of riding, on or off-road. Fits any budget. Smooth-shifting with a comfortable ride.",Silver,U ,308.2179,564.99
596,1,BK-M18B-40,"Mountain-500 Black, 40",Mountain-500,"Suitable for any type of riding, on or off-road. Fits any budget. Smooth-shifting with a comfortable ride.",Black,U ,294.5797,539.99
597,1,BK-M18B-42,"Mountain-500 Black, 42",Mountain-500,"Suitable for any type of riding, on or off-road. Fits any budget. Smooth-shifting with a comfortable ride.",Black,U ,294.5797,539.99
598,1,BK-M18B-44,"Mountain-500 Black, 44",Mountain-500,"Suitable for any type of riding, on or off-road. Fits any budget. Smooth-shifting with a comfortable ride.",Black,U ,294.5797,539.99
599,1,BK-M18B-48,"Mountain-500 Black, 48",Mountain-500,"Suitable for any type of riding, on or off-road. Fits any budget. Smooth-shifting with a comfortable ride.",Black,U ,294.5797,539.99
600,1,BK-M18B-52,"Mountain-500 Black, 52",Mountain-500,"Suitable for any type of riding, on or off-road. Fits any budget. Smooth-shifting with a comfortable ride.",Black,U ,294.5797,539.99
601,5,BB-7421,LL Bottom Bracket,LL Bottom Bracket,Chromoly steel.,NA,NULL,23.9716,53.99
602,5,BB-8107,ML Bottom Bracket,ML Bottom Bracket,Aluminum alloy cups; large diameter spindle.,NA,NULL,44.9506,101.24
603,5,BB-9108,HL Bottom Bracket,HL Bottom Bracket,Aluminum alloy cups and a hollow axle.,NA,NULL,53.9416,121.49
604,2,BK-R19B-44,"Road-750 Black, 44",Road-750,Entry level adult bike; offers a comfortable ride cross-country or down the block. Quick-release hubs and rims.,Black,U ,343.6496,539.99
605,2,BK-R19B-48,"Road-750 Black, 48",Road-750,Entry level adult bike; offers a comfortable ride cross-country or down the block. Quick-release hubs and rims.,Black,U ,343.6496,539.99
606,2,BK-R19B-52,"Road-750 Black, 52",Road-750,Entry level adult bike; offers a comfortable ride cross-country or down the block. Quick-release hubs and rims.,Black,U ,343.6496,539.99
